date,time,file,b_b1,b_b1_prefix,b_b2,b_b2_prefix,b_a4,b_a4_prefix
2025-10-26,1549,reddit_data_eth_2025-10-26_1549.csv,0.0770801007556675,0.122701007556675,0.0704219964664311,0.1002393992932862,0.070528967254408,0.105793450881612
2025-10-26,1624,reddit_data_eth_2025-10-26_1624.csv,0.0770801007556675,0.122701007556675,0.0685254237288135,0.0984569134701159,0.070528967254408,0.105793450881612
2025-10-26,1719,reddit_data_eth_2025-10-26_1719.csv,0.0770798488664987,0.1226992443324937,0.070662467191601,0.0998141732283464,0.070528967254408,0.105793450881612
2025-10-26,1819,reddit_data_eth_2025-10-26_1819.csv,0.0770798488664987,0.1226992443324937,0.0690503100088574,0.0997429583702391,0.070528967254408,0.105793450881612
2025-10-26,1915,reddit_data_eth_2025-10-26_1915.csv,0.0770798488664987,0.1226992443324937,0.0697826820603907,0.0987316163410302,0.070528967254408,0.105793450881612
2025-10-26,2038,reddit_data_eth_2025-10-26_2038.csv,0.076886432160804,0.1223929648241206,0.0693111795774648,0.098812411971831,0.0703517587939698,0.1055276381909547
2025-10-26,2124,reddit_data_eth_2025-10-26_2124.csv,0.0766937343358395,0.1220884711779448,0.0706738475177305,0.1000301418439716,0.0701754385964912,0.1052631578947368
2025-10-26,2217,reddit_data_eth_2025-10-26_2217.csv,0.0768854271356783,0.1223929648241206,0.0713890876565295,0.1020393559928443,0.0703517587939698,0.1055276381909547
2025-10-26,2319,reddit_data_eth_2025-10-26_2319.csv,0.0766929824561403,0.1220867167919799,0.071215975286849,0.1006183583406884,0.0701754385964912,0.1052631578947368
2025-10-27,23,reddit_data_eth_2025-10-27_0023.csv,0.07650275,0.1217869999999999,0.0699866666666666,0.0990454222222222,0.07,0.105
2025-10-27,117,reddit_data_eth_2025-10-27_0117.csv,0.07650275,0.1217869999999999,0.0692760463045414,0.0993544968833481,0.07,0.105
2025-10-27,227,reddit_data_eth_2025-10-27_0227.csv,0.0769716417910447,0.123612935323383,0.0698747126436781,0.1000202475685234,0.0696517412935323,0.1069651741293532
2025-10-27,316,reddit_data_eth_2025-10-27_0316.csv,0.0771635910224439,0.1238932668329177,0.0675259094942324,0.0969953859804791,0.0698254364089775,0.1072319201995012
2025-10-27,422,reddit_data_eth_2025-10-27_0422.csv,0.0771640897755611,0.1238950124688279,0.0685430809399477,0.0980900783289817,0.0698254364089775,0.1072319201995012
2025-10-27,517,reddit_data_eth_2025-10-27_0517.csv,0.0769723880597015,0.1235870646766169,0.0682907637655417,0.0985345470692717,0.0696517412935323,0.1069651741293532
2025-10-27,618,reddit_data_eth_2025-10-27_0618.csv,0.0767808933002481,0.1233064516129032,0.0693265198237885,0.0992262555066079,0.0694789081885856,0.1066997518610421
2025-10-27,718,reddit_data_eth_2025-10-27_0718.csv,0.0769718905472636,0.1235853233830845,0.0704470432480141,0.1014090026478376,0.0696517412935323,0.1069651741293532
2025-10-27,945,reddit_data_eth_2025-10-27_0945.csv,0.0769723880597015,0.1235870646766169,0.0690752659574468,0.0996870567375886,0.0696517412935323,0.1069651741293532
2025-10-27,1122,reddit_data_eth_2025-10-27_1122.csv,0.0765910891089108,0.1230017326732673,0.0692991111111111,0.0989035555555555,0.0693069306930693,0.1064356435643564
2025-10-27,1232,reddit_data_eth_2025-10-27_1232.csv,0.0765915841584158,0.1229742574257425,0.0689042477876106,0.0984492920353982,0.0693069306930693,0.1064356435643564
2025-10-27,1322,reddit_data_eth_2025-10-27_1322.csv,0.0765915841584158,0.1229742574257425,0.0690410460992907,0.0991678191489361,0.0693069306930693,0.1064356435643564
2025-10-27,1434,reddit_data_eth_2025-10-27_1434.csv,0.0765910891089108,0.1230017326732673,0.0695869911504424,0.0987089380530973,0.0693069306930693,0.1064356435643564
2025-10-27,1522,reddit_data_eth_2025-10-27_1522.csv,0.0768482587064676,0.1233952736318408,0.0703076086956521,0.1003977355072463,0.0696517412935323,0.1069651741293532
2025-10-27,1629,reddit_data_eth_2025-10-27_1629.csv,0.0768482587064676,0.1233952736318408,0.0706600531443755,0.1004145261293179,0.0696517412935323,0.1069651741293532
2025-10-27,1725,reddit_data_eth_2025-10-27_1725.csv,0.0768482587064676,0.1233952736318408,0.0710857400722021,0.1018634476534296,0.0696517412935323,0.1069651741293532
2025-10-27,1824,reddit_data_eth_2025-10-27_1824.csv,0.0766583126550868,0.1230895781637717,0.0713452999104744,0.1011170993733214,0.0694789081885856,0.1066997518610421
2025-10-27,1918,reddit_data_eth_2025-10-27_1918.csv,0.0766583126550868,0.1230895781637717,0.0702600713012477,0.0999491978609625,0.0694789081885856,0.1066997518610421
2025-10-27,2044,reddit_data_eth_2025-10-27_2044.csv,0.0764688118811881,0.1227851485148514,0.0701618198037466,0.1000206066012488,0.0693069306930693,0.1064356435643564
2025-10-27,2133,reddit_data_eth_2025-10-27_2133.csv,0.0764688118811881,0.1227851485148514,0.0703880250223413,0.1007831992850759,0.0693069306930693,0.1064356435643564
2025-10-27,2222,reddit_data_eth_2025-10-27_2222.csv,0.0762874074074074,0.1224841975308641,0.0710012455516014,0.1007473309608541,0.0691358024691358,0.1061728395061728
2025-10-27,2322,reddit_data_eth_2025-10-27_2322.csv,0.0767179802955665,0.1243721674876847,0.0685091891891891,0.0990545045045045,0.0689655172413793,0.1083743842364532
2025-10-28,28,reddit_data_eth_2025-10-28_0028.csv,0.0767179802955665,0.1243721674876847,0.0691308520179372,0.0998011659192825,0.0689655172413793,0.1083743842364532
2025-10-28,118,reddit_data_eth_2025-10-28_0118.csv,0.0767179802955665,0.1243721674876847,0.0684606115107913,0.0997891187050359,0.0689655172413793,0.1083743842364532
2025-10-28,232,reddit_data_eth_2025-10-28_0232.csv,0.0769079012345679,0.1246516049382715,0.0706856759176365,0.1012994628469113,0.0691358024691358,0.1086419753086419
2025-10-28,317,reddit_data_eth_2025-10-28_0317.csv,0.0769079012345679,0.1246516049382715,0.0701408091468777,0.0995275285839929,0.0691358024691358,0.1086419753086419
2025-10-28,421,reddit_data_eth_2025-10-28_0421.csv,0.0767187192118226,0.1243458128078817,0.0694712653778558,0.0998986818980667,0.0689655172413793,0.1083743842364532
2025-10-28,518,reddit_data_eth_2025-10-28_0518.csv,0.0767179802955664,0.124345566502463,0.0690318425760286,0.099962343470483,0.0689655172413793,0.1083743842364532
2025-10-28,619,reddit_data_eth_2025-10-28_0619.csv,0.0767179802955664,0.124345566502463,0.0680614425645592,0.0989544078361531,0.0689655172413793,0.1083743842364532
2025-10-28,2132,reddit_data_eth_2025-10-28_2132.csv,0.0842568292682926,0.1317546341463414,0.0739810786914235,0.1048229885057471,0.0756097560975609,0.1146341463414634
2025-10-28,2222,reddit_data_eth_2025-10-28_2222.csv,0.0840518248175182,0.1314340632603406,0.0756195748449955,0.1064920283436669,0.0754257907542579,0.1143552311435523
2025-10-28,2323,reddit_data_eth_2025-10-28_2323.csv,0.0842565853658536,0.1317543902439024,0.0727430457746478,0.1036051056338027,0.0756097560975609,0.1146341463414634
2025-10-29,29,reddit_data_eth_2025-10-29_0029.csv,0.0842565853658536,0.1317543902439024,0.0736128747795414,0.1039255731922398,0.0756097560975609,0.1146341463414634
2025-10-29,120,reddit_data_eth_2025-10-29_0120.csv,0.0838483009708737,0.1311303398058252,0.0729133035714285,0.103488125,0.0752427184466019,0.1140776699029126
2025-10-29,232,reddit_data_eth_2025-10-29_0232.csv,0.0862452554744525,0.131281508515815,0.0778621238938053,0.1086581415929203,0.0778588807785888,0.1143552311435523
2025-10-29,317,reddit_data_eth_2025-10-29_0317.csv,0.0862452554744525,0.131281508515815,0.078034219858156,0.1073198581560283,0.0778588807785888,0.1143552311435523
2025-10-29,424,reddit_data_eth_2025-10-29_0424.csv,0.0862452554744525,0.131281508515815,0.0787772364924712,0.1078919397697077,0.0778588807785888,0.1143552311435523
2025-10-29,519,reddit_data_eth_2025-10-29_0519.csv,0.0862452554744525,0.131281508515815,0.0761285208148804,0.1062565987599645,0.0778588807785888,0.1143552311435523
2025-10-29,621,reddit_data_eth_2025-10-29_0621.csv,0.0862452554744525,0.131281508515815,0.0782005277044854,0.1088407211961301,0.0778588807785888,0.1143552311435523
2025-10-29,719,reddit_data_eth_2025-10-29_0719.csv,0.0862452554744525,0.131281508515815,0.0793871615720524,0.1094930131004366,0.0778588807785888,0.1143552311435523
2025-10-29,942,reddit_data_eth_2025-10-29_0942.csv,0.0862452554744525,0.131281508515815,0.0761993794326241,0.1063041666666666,0.0778588807785888,0.1143552311435523
2025-10-29,1117,reddit_data_eth_2025-10-29_1117.csv,0.0862452554744525,0.131281508515815,0.0775979519145147,0.107647195013357,0.0778588807785888,0.1143552311435523
2025-10-29,1228,reddit_data_eth_2025-10-29_1228.csv,0.0860378640776699,0.1309713592233009,0.0791449033391915,0.1091261862917398,0.0776699029126213,0.1140776699029126
2025-10-29,1322,reddit_data_eth_2025-10-29_1322.csv,0.0860378640776699,0.1309713592233009,0.0793591350397175,0.1091930273609885,0.0776699029126213,0.1140776699029126
2025-10-29,1433,reddit_data_eth_2025-10-29_1433.csv,0.0860378640776699,0.1309713592233009,0.0771438331854481,0.1071788819875776,0.0776699029126213,0.1140776699029126
2025-10-29,1522,reddit_data_eth_2025-10-29_1522.csv,0.0882493946731235,0.1330743341404358,0.0749407017543859,0.1048112280701754,0.0799031476997578,0.1162227602905569
2025-10-29,1629,reddit_data_eth_2025-10-29_1629.csv,0.0904487922705314,0.1351652173913043,0.081181135371179,0.1110015720524017,0.0821256038647343,0.1183574879227053
2025-10-29,1722,reddit_data_eth_2025-10-29_1722.csv,0.0904487922705314,0.1351652173913043,0.0803311461067366,0.1100798775153105,0.0821256038647343,0.1183574879227053
2025-10-29,1823,reddit_data_eth_2025-10-29_1823.csv,0.0902310843373494,0.1348397590361445,0.0808623239436619,0.1098385563380281,0.0819277108433735,0.1180722891566265
2025-10-29,1918,reddit_data_eth_2025-10-29_1918.csv,0.0902310843373494,0.1348397590361445,0.0775694810905892,0.1071986807387862,0.0819277108433735,0.1180722891566265
2025-10-29,2044,reddit_data_eth_2025-10-29_2044.csv,0.085856038647343,0.132909420289855,0.0724448581560283,0.1032960992907801,0.0772946859903381,0.1159420289855072
2025-10-29,2134,reddit_data_eth_2025-10-29_2134.csv,0.085856038647343,0.132909420289855,0.0739682692307692,0.1053577797202797,0.0772946859903381,0.1159420289855072
2025-10-29,2222,reddit_data_eth_2025-10-29_2222.csv,0.085856038647343,0.132909420289855,0.0778132625994695,0.1087120247568523,0.0772946859903381,0.1159420289855072
2025-10-29,2324,reddit_data_eth_2025-10-29_2324.csv,0.085856038647343,0.132909420289855,0.0780805506216696,0.1097210479573712,0.0772946859903381,0.1159420289855072
2025-10-30,28,reddit_data_eth_2025-10-30_0028.csv,0.085856038647343,0.132909420289855,0.0735125,0.1041606382978723,0.0772946859903381,0.1159420289855072
2025-10-30,120,reddit_data_eth_2025-10-30_0120.csv,0.085856038647343,0.132909420289855,0.0737338666666666,0.1039509333333333,0.0772946859903381,0.1159420289855072
2025-10-30,232,reddit_data_eth_2025-10-30_0232.csv,0.085856038647343,0.132909420289855,0.0720675153643547,0.1030356453028972,0.0772946859903381,0.1159420289855072
2025-10-30,316,reddit_data_eth_2025-10-30_0316.csv,0.085856038647343,0.132909420289855,0.0728892794376098,0.1037935852372583,0.0772946859903381,0.1159420289855072
2025-10-30,423,reddit_data_eth_2025-10-30_0423.csv,0.0856493975903614,0.1325893975903614,0.0760927447552447,0.1077106643356643,0.0771084337349397,0.1156626506024096
2025-10-30,519,reddit_data_eth_2025-10-30_0519.csv,0.08544375,0.1327459134615384,0.0719031496062992,0.1034401574803149,0.0769230769230769,0.1153846153846153
2025-10-30,620,reddit_data_eth_2025-10-30_0620.csv,0.08544375,0.1327459134615384,0.0717432743362831,0.1024215929203539,0.0769230769230769,0.1153846153846153
2025-10-30,719,reddit_data_eth_2025-10-30_0719.csv,0.08544375,0.1327459134615384,0.0757563106796116,0.105726213592233,0.0769230769230769,0.1153846153846153
2025-10-30,942,reddit_data_eth_2025-10-30_0942.csv,0.0842378048780487,0.12974,0.0744930789707187,0.1045470275066548,0.0756097560975609,0.1121951219512195
2025-10-30,1112,reddit_data_eth_2025-10-30_1112.csv,0.0851029055690072,0.1334915254237288,0.072116961130742,0.102661925795053,0.0750605326876513,0.1162227602905569
2025-10-30,1224,reddit_data_eth_2025-10-30_1224.csv,0.0848975845410627,0.1351357487922705,0.07425601404741,0.1066651448639157,0.0748792270531401,0.1183574879227053
2025-10-30,1322,reddit_data_eth_2025-10-30_1322.csv,0.0876406483790523,0.1362608478802992,0.0753458145814581,0.1059017101710171,0.0773067331670823,0.1197007481296758
2025-10-30,1432,reddit_data_eth_2025-10-30_1432.csv,0.0876406483790523,0.1362608478802992,0.0761024042742653,0.1053626001780943,0.0773067331670823,0.1197007481296758
2025-10-30,1519,reddit_data_eth_2025-10-30_1519.csv,0.0876406483790523,0.1362608478802992,0.0769544483985765,0.1073815836298932,0.0773067331670823,0.1197007481296758
2025-10-30,1628,reddit_data_eth_2025-10-30_1628.csv,0.0897072139303482,0.1372355721393034,0.0748283795881826,0.1045242614145031,0.0796019900497512,0.1194029850746268
2025-10-30,1722,reddit_data_eth_2025-10-30_1722.csv,0.0895831265508684,0.1371818858560793,0.076009203539823,0.1063519469026548,0.0794044665012407,0.119106699751861
2025-10-30,1822,reddit_data_eth_2025-10-30_1822.csv,0.0897072139303482,0.1372355721393034,0.0736191964285714,0.1030984821428571,0.0796019900497512,0.1194029850746268
2025-10-30,1918,reddit_data_eth_2025-10-30_1918.csv,0.0897072139303482,0.1372355721393034,0.0777257346393588,0.1074765805877114,0.0796019900497512,0.1194029850746268
2025-10-30,2042,reddit_data_eth_2025-10-30_2042.csv,0.0892636138613861,0.1365566831683168,0.0747574506283662,0.104219658886894,0.0792079207920792,0.1188118811881188
2025-10-30,2132,reddit_data_eth_2025-10-30_2132.csv,0.0892636138613861,0.1365566831683168,0.075357805530776,0.1044571810883139,0.0792079207920792,0.1188118811881188
2025-10-30,2222,reddit_data_eth_2025-10-30_2222.csv,0.0890432098765432,0.1362197530864197,0.0767915619389587,0.1088062836624775,0.0790123456790123,0.1185185185185185
2025-10-30,2323,reddit_data_eth_2025-10-30_2323.csv,0.0888241379310345,0.1358844827586207,0.0748084145261293,0.1052199291408326,0.0788177339901477,0.1182266009852216
2025-10-31,27,reddit_data_eth_2025-10-31_0027.csv,0.0890432098765432,0.1362197530864197,0.0747627989371124,0.1044350752878653,0.0790123456790123,0.1185185185185185
2025-10-31,119,reddit_data_eth_2025-10-31_0119.csv,0.0888241379310345,0.1358844827586207,0.0724356699201419,0.1037361135758651,0.0788177339901477,0.1182266009852216
2025-10-31,230,reddit_data_eth_2025-10-31_0230.csv,0.0888241379310345,0.1358844827586207,0.075220658949243,0.1057500445235975,0.0788177339901477,0.1182266009852216
2025-10-31,317,reddit_data_eth_2025-10-31_0317.csv,0.0886063882063881,0.1355511056511056,0.0742087111111111,0.1054064888888889,0.0786240786240786,0.1179361179361179
2025-10-31,422,reddit_data_eth_2025-10-31_0422.csv,0.0886061425061425,0.1355508599508599,0.0767913854351687,0.107249378330373,0.0786240786240786,0.1179361179361179
2025-10-31,518,reddit_data_eth_2025-10-31_0518.csv,0.0886061425061425,0.1355508599508599,0.0732130319148936,0.1044460992907801,0.0786240786240786,0.1179361179361179
2025-10-31,620,reddit_data_eth_2025-10-31_0620.csv,0.0883892156862745,0.1352188725490196,0.0743842245989304,0.1073979500891265,0.0784313725490196,0.1176470588235294
2025-10-31,719,reddit_data_eth_2025-10-31_0719.csv,0.0883892156862745,0.1352188725490196,0.0768421284080914,0.1084208443271767,0.0784313725490196,0.1176470588235294
2025-10-31,939,reddit_data_eth_2025-10-31_0939.csv,0.0873203389830508,0.1335837772397094,0.0741453825857519,0.1059069481090589,0.0774818401937046,0.1162227602905569
2025-10-31,1112,reddit_data_eth_2025-10-31_1112.csv,0.0869002409638554,0.1329409638554216,0.0752120869565217,0.1080748695652173,0.0771084337349397,0.1156626506024096
2025-10-31,1225,reddit_data_eth_2025-10-31_1225.csv,0.0869002409638554,0.1329409638554216,0.0736479094076655,0.105540243902439,0.0771084337349397,0.1156626506024096
2025-10-31,1322,reddit_data_eth_2025-10-31_1322.csv,0.0869002409638554,0.1329409638554216,0.0751732638888888,0.1071611111111111,0.0771084337349397,0.1156626506024096
2025-10-31,1432,reddit_data_eth_2025-10-31_1432.csv,0.0869002409638554,0.1329409638554216,0.0738770104895104,0.1061081293706293,0.0771084337349397,0.1156626506024096
2025-10-31,1519,reddit_data_eth_2025-10-31_1519.csv,0.0869002409638554,0.1329409638554216,0.075227367506516,0.1080298001737619,0.0771084337349397,0.1156626506024096
2025-10-31,1627,reddit_data_eth_2025-10-31_1627.csv,0.0869002409638554,0.1329409638554216,0.075647331583552,0.1079797025371828,0.0771084337349397,0.1156626506024096
2025-10-31,1723,reddit_data_eth_2025-10-31_1723.csv,0.0869002409638554,0.1329409638554216,0.0736484320557491,0.1061493031358885,0.0771084337349397,0.1156626506024096
2025-10-31,1822,reddit_data_eth_2025-10-31_1822.csv,0.0869002409638554,0.1329409638554216,0.0762252181500872,0.1092646596858638,0.0771084337349397,0.1156626506024096
2025-10-31,1917,reddit_data_eth_2025-10-31_1917.csv,0.0869002409638554,0.1329409638554216,0.0720468122270742,0.1041610480349344,0.0771084337349397,0.1156626506024096
2025-10-31,2042,reddit_data_eth_2025-10-31_2042.csv,0.0866915865384615,0.1326216346153846,0.07418125,0.1051748263888888,0.0769230769230769,0.1153846153846153
2025-10-31,2132,reddit_data_eth_2025-10-31_2132.csv,0.0866915865384615,0.1326216346153846,0.0773453193350831,0.1092682414698162,0.0769230769230769,0.1153846153846153
2025-10-31,2222,reddit_data_eth_2025-10-31_2222.csv,0.0866915865384615,0.1326216346153846,0.073944493006993,0.1066902972027972,0.0769230769230769,0.1153846153846153
2025-10-31,2322,reddit_data_eth_2025-10-31_2322.csv,0.0843354368932038,0.132531067961165,0.0726120492524186,0.1025274406332453,0.0752427184466019,0.116504854368932
2025-11-01,26,reddit_data_eth_2025-11-01_0026.csv,0.0843354368932038,0.132531067961165,0.0734826468010517,0.1051730937773882,0.0752427184466019,0.116504854368932
2025-11-01,119,reddit_data_eth_2025-11-01_0119.csv,0.0843354368932038,0.132531067961165,0.0719652899824253,0.1030556239015817,0.0752427184466019,0.116504854368932
2025-11-01,230,reddit_data_eth_2025-11-01_0230.csv,0.0843354368932038,0.1325582524271844,0.0715261715296198,0.1025226348364279,0.0752427184466019,0.116504854368932
2025-11-01,316,reddit_data_eth_2025-11-01_0316.csv,0.0841314769975786,0.1322849878934624,0.0731734033245844,0.103330271216098,0.0750605326876513,0.1162227602905569
2025-11-01,423,reddit_data_eth_2025-11-01_0423.csv,0.0833251798561151,0.13109448441247,0.0723192139737991,0.1025750218340611,0.0743405275779376,0.1151079136690647
2025-11-01,517,reddit_data_eth_2025-11-01_0517.csv,0.0835254807692307,0.1313826923076922,0.0733555166374781,0.10435,0.0745192307692307,0.1153846153846153
2025-11-01,619,reddit_data_eth_2025-11-01_0619.csv,0.0837265060240963,0.1316518072289156,0.0729927648578811,0.1030967269595176,0.0746987951807229,0.1156626506024096
2025-11-01,719,reddit_data_eth_2025-11-01_0719.csv,0.0835254807692307,0.1313355769230769,0.0722338793103448,0.1026403448275862,0.0745192307692307,0.1153846153846153
2025-11-01,942,reddit_data_eth_2025-11-01_0942.csv,0.0835252403846153,0.1313622596153846,0.0705882198952879,0.1024845549738219,0.0745192307692307,0.1153846153846153
2025-11-01,1113,reddit_data_eth_2025-11-01_1113.csv,0.0835252403846153,0.1313622596153846,0.0720575783972125,0.1017369337979094,0.0745192307692307,0.1153846153846153
2025-11-01,1222,reddit_data_eth_2025-11-01_1222.csv,0.0835252403846153,0.1313622596153846,0.0719297132927888,0.102661077324066,0.0745192307692307,0.1153846153846153
2025-11-01,1319,reddit_data_eth_2025-11-01_1319.csv,0.0835252403846153,0.1313622596153846,0.0730047909407665,0.1040184668989547,0.0745192307692307,0.1153846153846153
2025-11-01,1428,reddit_data_eth_2025-11-01_1428.csv,0.0835252403846153,0.1313622596153846,0.0733755905511811,0.1052733158355205,0.0745192307692307,0.1153846153846153
2025-11-01,1518,reddit_data_eth_2025-11-01_1518.csv,0.0835252403846153,0.1313622596153846,0.0733560420315236,0.1043547285464098,0.0745192307692307,0.1153846153846153
2025-11-01,1624,reddit_data_eth_2025-11-01_1624.csv,0.0835252403846153,0.1313622596153846,0.0729364583333333,0.10426484375,0.0745192307692307,0.1153846153846153
2025-11-01,1719,reddit_data_eth_2025-11-01_1719.csv,0.0835252403846153,0.1313622596153846,0.0724094570928196,0.1043449211908931,0.0745192307692307,0.1153846153846153
2025-11-01,1819,reddit_data_eth_2025-11-01_1819.csv,0.0856867469879518,0.1338585542168674,0.0812185602775368,0.1139043365134432,0.0771084337349397,0.1180722891566265
2025-11-01,1915,reddit_data_eth_2025-11-01_1915.csv,0.0833254196642685,0.1310244604316546,0.070350910667823,0.1010440589765828,0.0743405275779376,0.1151079136690647
2025-11-01,2037,reddit_data_eth_2025-11-01_2037.csv,0.0835276442307692,0.1333584134615384,0.0756618881118881,0.1093054195804195,0.0745192307692307,0.1177884615384615
2025-11-01,2124,reddit_data_eth_2025-11-01_2124.csv,0.0835276442307692,0.1333584134615384,0.071073499142367,0.1126025728987993,0.0745192307692307,0.1177884615384615
2025-11-01,2217,reddit_data_eth_2025-11-01_2217.csv,0.0813223557692307,0.1306024038461538,0.061112641673932,0.1036437663469921,0.0721153846153846,0.1153846153846153
2025-11-01,2317,reddit_data_eth_2025-11-01_2317.csv,0.0813223557692307,0.1306024038461538,0.0607827256944444,0.1016163194444444,0.0721153846153846,0.1153846153846153
2025-11-02,22,reddit_data_eth_2025-11-02_0022.csv,0.0813223557692307,0.1306024038461538,0.0627419860627177,0.1060905052264808,0.0721153846153846,0.1153846153846153
2025-11-02,116,reddit_data_eth_2025-11-02_0116.csv,0.0817147342995169,0.1312057971014492,0.0623161904761904,0.1047233766233766,0.072463768115942,0.1159420289855072
2025-11-02,225,reddit_data_eth_2025-11-02_0225.csv,0.0817147342995169,0.1312057971014492,0.0612020797227036,0.1037980935875216,0.072463768115942,0.1159420289855072
2025-11-02,314,reddit_data_eth_2025-11-02_0314.csv,0.0815180722891566,0.1308898795180723,0.0627153512575889,0.1037734605377276,0.072289156626506,0.1156626506024096
2025-11-02,419,reddit_data_eth_2025-11-02_0419.csv,0.0817147342995169,0.1312057971014492,0.0617598953792502,0.1031853530950305,0.072463768115942,0.1159420289855072
2025-11-02,516,reddit_data_eth_2025-11-02_0516.csv,0.0817147342995169,0.1312057971014492,0.0616269062226117,0.1020477651183172,0.072463768115942,0.1159420289855072
2025-11-02,618,reddit_data_eth_2025-11-02_0618.csv,0.0817147342995169,0.1312057971014492,0.0646916010498687,0.105076290463692,0.072463768115942,0.1159420289855072
2025-11-02,718,reddit_data_eth_2025-11-02_0718.csv,0.0817147342995169,0.1312057971014492,0.0615315789473684,0.1023594477998274,0.072463768115942,0.1159420289855072
2025-11-02,944,reddit_data_eth_2025-11-02_0944.csv,0.0817147342995169,0.1312057971014492,0.0637253679653679,0.1060980952380952,0.072463768115942,0.1159420289855072
2025-11-02,1117,reddit_data_eth_2025-11-02_1117.csv,0.0817147342995169,0.1312057971014492,0.0610650216450216,0.102452987012987,0.072463768115942,0.1159420289855072
2025-11-02,1224,reddit_data_eth_2025-11-02_1224.csv,0.0817147342995169,0.1312057971014492,0.0612808027923211,0.1042509598603839,0.072463768115942,0.1159420289855072
2025-11-02,1320,reddit_data_eth_2025-11-02_1320.csv,0.0817147342995169,0.1312057971014492,0.0632164192139738,0.1049056768558951,0.072463768115942,0.1159420289855072
2025-11-02,1429,reddit_data_eth_2025-11-02_1429.csv,0.0817147342995169,0.1312057971014492,0.0631069264069264,0.1043141991341991,0.072463768115942,0.1159420289855072
2025-11-02,1518,reddit_data_eth_2025-11-02_1518.csv,0.0817147342995169,0.1312057971014492,0.0617427065026362,0.1028436731107205,0.072463768115942,0.1159420289855072
2025-11-02,1623,reddit_data_eth_2025-11-02_1623.csv,0.0821432367149758,0.1314666666666666,0.0676283101045296,0.1080311846689895,0.072463768115942,0.1159420289855072
2025-11-02,1718,reddit_data_eth_2025-11-02_1718.csv,0.0821432367149758,0.1314666666666666,0.0650843915343915,0.1051707231040564,0.072463768115942,0.1159420289855072
2025-11-02,1819,reddit_data_eth_2025-11-02_1819.csv,0.0821432367149758,0.1314666666666666,0.0666105217391304,0.1062428695652173,0.072463768115942,0.1159420289855072
2025-11-02,1915,reddit_data_eth_2025-11-02_1915.csv,0.0821432367149758,0.1314666666666666,0.0645163478260869,0.1050062608695652,0.072463768115942,0.1159420289855072
2025-11-02,2037,reddit_data_eth_2025-11-02_2037.csv,0.0821432367149758,0.1314666666666666,0.0633811140121844,0.1037678851174934,0.072463768115942,0.1159420289855072
2025-11-02,2123,reddit_data_eth_2025-11-02_2123.csv,0.0821432367149758,0.1314666666666666,0.0625885389326334,0.101138757655293,0.072463768115942,0.1159420289855072
2025-11-02,2217,reddit_data_eth_2025-11-02_2217.csv,0.0819455421686747,0.1316262650602409,0.0659697048611111,0.1053121527777777,0.072289156626506,0.1156626506024096
2025-11-02,2318,reddit_data_eth_2025-11-02_2318.csv,0.0819455421686747,0.1316262650602409,0.0666346992153443,0.1079019180470793,0.072289156626506,0.1156626506024096
2025-11-03,23,reddit_data_eth_2025-11-03_0023.csv,0.0819455421686747,0.1316262650602409,0.0665934952298352,0.1076664353859496,0.072289156626506,0.1156626506024096
2025-11-03,117,reddit_data_eth_2025-11-03_0117.csv,0.0819455421686747,0.1316262650602409,0.0629938581314878,0.1048118512110726,0.072289156626506,0.1156626506024096
2025-11-03,225,reddit_data_eth_2025-11-03_0225.csv,0.0827425790754257,0.1329330900243308,0.066744102112676,0.107737588028169,0.072992700729927,0.1167883211678832
2025-11-03,314,reddit_data_eth_2025-11-03_0314.csv,0.0827425790754257,0.1329330900243308,0.0678761154855643,0.1086386701662292,0.072992700729927,0.1167883211678832
2025-11-03,422,reddit_data_eth_2025-11-03_0422.csv,0.0827425790754257,0.1329330900243308,0.0661358657243816,0.1070711130742049,0.072992700729927,0.1167883211678832
2025-11-03,517,reddit_data_eth_2025-11-03_0517.csv,0.0827425790754257,0.1329330900243308,0.0658077933450087,0.1080316112084063,0.072992700729927,0.1167883211678832
2025-11-03,618,reddit_data_eth_2025-11-03_0618.csv,0.0827425790754257,0.1329330900243308,0.0673899824253075,0.1081123901581722,0.072992700729927,0.1167883211678832
2025-11-03,718,reddit_data_eth_2025-11-03_0718.csv,0.0827425790754257,0.1329330900243308,0.0676336538461538,0.1082523601398601,0.072992700729927,0.1167883211678832
2025-11-03,943,reddit_data_eth_2025-11-03_0943.csv,0.0827425790754257,0.1329330900243308,0.0649561619718309,0.1054155809859155,0.072992700729927,0.1167883211678832
2025-11-03,1118,reddit_data_eth_2025-11-03_1118.csv,0.0827425790754257,0.1329330900243308,0.0656938917975567,0.1075120418848167,0.072992700729927,0.1167883211678832
2025-11-03,1229,reddit_data_eth_2025-11-03_1229.csv,0.0827425790754257,0.1329330900243308,0.0665050216450216,0.1076639826839826,0.072992700729927,0.1167883211678832
2025-11-03,1322,reddit_data_eth_2025-11-03_1322.csv,0.0827425790754257,0.1329330900243308,0.0661618134263295,0.1069530078465562,0.072992700729927,0.1167883211678832
2025-11-03,1433,reddit_data_eth_2025-11-03_1433.csv,0.0827425790754257,0.1329330900243308,0.0689832456140351,0.1105897368421052,0.072992700729927,0.1167883211678832
2025-11-03,1522,reddit_data_eth_2025-11-03_1522.csv,0.0827425790754257,0.1329330900243308,0.0654493368700265,0.1082571175950486,0.072992700729927,0.1167883211678832
2025-11-03,1630,reddit_data_eth_2025-11-03_1630.csv,0.0827425790754257,0.1329330900243308,0.0677294838145231,0.1081136482939632,0.072992700729927,0.1167883211678832
2025-11-03,1726,reddit_data_eth_2025-11-03_1726.csv,0.0827425790754257,0.1329330900243308,0.0650513513513513,0.1063306015693112,0.072992700729927,0.1167883211678832
2025-11-03,1825,reddit_data_eth_2025-11-03_1825.csv,0.0825419902912621,0.1330902912621359,0.0650609540636042,0.105534628975265,0.0728155339805825,0.116504854368932
2025-11-03,1918,reddit_data_eth_2025-11-03_1918.csv,0.0825419902912621,0.1330902912621359,0.06541804835924,0.1062362694300518,0.0728155339805825,0.116504854368932
2025-11-03,2043,reddit_data_eth_2025-11-03_2043.csv,0.0825419902912621,0.1330902912621359,0.0651661431064572,0.1051916230366492,0.0728155339805825,0.116504854368932
2025-11-03,2132,reddit_data_eth_2025-11-03_2132.csv,0.0823423728813559,0.1327682808716707,0.067303237095363,0.1089564304461942,0.072639225181598,0.1162227602905569
2025-11-03,2222,reddit_data_eth_2025-11-03_2222.csv,0.0823423728813559,0.1327682808716707,0.0654791593695271,0.1074329246935201,0.072639225181598,0.1162227602905569
2025-11-03,2322,reddit_data_eth_2025-11-03_2322.csv,0.0823423728813559,0.1327682808716707,0.0653409807355516,0.1059370402802101,0.072639225181598,0.1162227602905569
2025-11-04,25,reddit_data_eth_2025-11-04_0025.csv,0.0823423728813559,0.1327682808716707,0.0639649168853893,0.1056031496062992,0.072639225181598,0.1162227602905569
2025-11-04,119,reddit_data_eth_2025-11-04_0119.csv,0.0825504854368932,0.1330733009708737,0.0679081578947368,0.108298596491228,0.0728155339805825,0.116504854368932
2025-11-04,229,reddit_data_eth_2025-11-04_0229.csv,0.0847697336561743,0.1351709443099273,0.0673854166666666,0.1064672743055555,0.0750605326876513,0.1186440677966101
2025-11-04,317,reddit_data_eth_2025-11-04_0317.csv,0.0847697336561743,0.1351709443099273,0.0677243455497382,0.1093040139616055,0.0750605326876513,0.1186440677966101
2025-11-04,424,reddit_data_eth_2025-11-04_0424.csv,0.0847697336561743,0.1351709443099273,0.0666992957746478,0.1079728873239436,0.0750605326876513,0.1186440677966101
2025-11-04,519,reddit_data_eth_2025-11-04_0519.csv,0.0869780193236715,0.1348492753623188,0.0672991197183098,0.1065667253521126,0.0772946859903381,0.1183574879227053
2025-11-04,621,reddit_data_eth_2025-11-04_0621.csv,0.0869780193236715,0.1348492753623188,0.0684565595134665,0.1080357949609035,0.0772946859903381,0.1183574879227053
2025-11-04,719,reddit_data_eth_2025-11-04_0719.csv,0.0869780193236715,0.1348492753623188,0.0654371052631579,0.1056371929824561,0.0772946859903381,0.1183574879227053
2025-11-04,940,reddit_data_eth_2025-11-04_0940.csv,0.0869780193236715,0.1348492753623188,0.0687091066782307,0.1095908933217692,0.0772946859903381,0.1183574879227053
2025-11-04,1112,reddit_data_eth_2025-11-04_1112.csv,0.0869780193236715,0.1348492753623188,0.0684408892763731,0.1075133391455972,0.0772946859903381,0.1183574879227053
2025-11-04,1224,reddit_data_eth_2025-11-04_1224.csv,0.0869780193236715,0.1348492753623188,0.0706383478260869,0.1122359130434782,0.0772946859903381,0.1183574879227053
2025-11-04,1322,reddit_data_eth_2025-11-04_1322.csv,0.0867684337349397,0.1345245783132529,0.0674135064935065,0.1074891774891774,0.0771084337349397,0.1180722891566265
2025-11-04,1432,reddit_data_eth_2025-11-04_1432.csv,0.0867684337349397,0.1345245783132529,0.0686549869904596,0.1091097137901127,0.0771084337349397,0.1180722891566265
2025-11-04,1522,reddit_data_eth_2025-11-04_1522.csv,0.0867684337349397,0.1345245783132529,0.0677965546942291,0.107343066322136,0.0771084337349397,0.1180722891566265
2025-11-04,1629,reddit_data_eth_2025-11-04_1629.csv,0.0867684337349397,0.1345245783132529,0.0699144578313253,0.1105607573149741,0.0771084337349397,0.1180722891566265
2025-11-04,1724,reddit_data_eth_2025-11-04_1724.csv,0.0867684337349397,0.1345245783132529,0.067129057591623,0.107047207678883,0.0771084337349397,0.1180722891566265
2025-11-04,1825,reddit_data_eth_2025-11-04_1825.csv,0.0867684337349397,0.1345245783132529,0.0680985319516407,0.1086026770293609,0.0771084337349397,0.1180722891566265
2025-11-04,1920,reddit_data_eth_2025-11-04_1920.csv,0.0867684337349397,0.1345245783132529,0.0688881896551724,0.1080526724137931,0.0771084337349397,0.1180722891566265
2025-11-04,2046,reddit_data_eth_2025-11-04_2046.csv,0.0867684337349397,0.1345245783132529,0.069905099394987,0.109324459809853,0.0771084337349397,0.1180722891566265
2025-11-04,2135,reddit_data_eth_2025-11-04_2135.csv,0.0865600961538461,0.1346764423076923,0.0669900523560209,0.107017190226876,0.0769230769230769,0.1177884615384615
2025-11-04,2222,reddit_data_eth_2025-11-04_2222.csv,0.0865600961538461,0.1346764423076923,0.066358211521926,0.1072229578675838,0.0769230769230769,0.1177884615384615
2025-11-04,2323,reddit_data_eth_2025-11-04_2323.csv,0.0867684337349397,0.1350007228915662,0.0696341463414634,0.1100748257839721,0.0771084337349397,0.1180722891566265
2025-11-05,26,reddit_data_eth_2025-11-05_0026.csv,0.0867684337349397,0.1350007228915662,0.0700665228645384,0.1111383088869715,0.0771084337349397,0.1180722891566265
2025-11-05,117,reddit_data_eth_2025-11-05_0117.csv,0.0867684337349397,0.1350007228915662,0.068164224137931,0.1078237931034482,0.0771084337349397,0.1180722891566265
2025-11-05,232,reddit_data_eth_2025-11-05_0232.csv,0.0863527577937649,0.1343537170263788,0.0664021607605877,0.1050171132238548,0.0767386091127098,0.1175059952038369
2025-11-05,317,reddit_data_eth_2025-11-05_0317.csv,0.0859420047732697,0.1337140811455847,0.0693822357019064,0.1095197573656845,0.0763723150357995,0.116945107398568
2025-11-05,424,reddit_data_eth_2025-11-05_0424.csv,0.0855353919239905,0.1354410926365795,0.0662765106382978,0.1074365106382978,0.0760095011876484,0.1187648456057007
2025-11-05,519,reddit_data_eth_2025-11-05_0519.csv,0.0849306603773584,0.1344834905660377,0.0661072278911564,0.1069428571428571,0.0754716981132075,0.1179245283018868
2025-11-05,619,reddit_data_eth_2025-11-05_0619.csv,0.0843362997658079,0.1335416861826698,0.0680293367346938,0.1083357142857142,0.0749414519906323,0.117096018735363
2025-11-05,720,reddit_data_eth_2025-11-05_0720.csv,0.0843362997658079,0.1335416861826698,0.0676684478371501,0.1072688719253604,0.0749414519906323,0.117096018735363
2025-11-05,942,reddit_data_eth_2025-11-05_0942.csv,0.0837488372093023,0.1326146511627907,0.0658927241962775,0.1052846869712351,0.0744186046511627,0.1162790697674418
2025-11-05,1112,reddit_data_eth_2025-11-05_1112.csv,0.0835547563805104,0.1323095127610209,0.0665639863130881,0.105885115483319,0.074245939675174,0.1160092807424593
2025-11-05,1225,reddit_data_eth_2025-11-05_1225.csv,0.0835547563805104,0.1323095127610209,0.0658261864406779,0.104701440677966,0.074245939675174,0.1160092807424593
2025-11-05,1322,reddit_data_eth_2025-11-05_1322.csv,0.0835547563805104,0.1323095127610209,0.0673677204658901,0.1067093178036605,0.074245939675174,0.1160092807424593
2025-11-05,1432,reddit_data_eth_2025-11-05_1432.csv,0.0835547563805104,0.1323095127610209,0.0652879831932773,0.1053127731092437,0.074245939675174,0.1160092807424593
2025-11-05,1522,reddit_data_eth_2025-11-05_1522.csv,0.0835547563805104,0.1323095127610209,0.0622356842989084,0.1021795130142737,0.074245939675174,0.1160092807424593
2025-11-05,1629,reddit_data_eth_2025-11-05_1629.csv,0.0835547563805104,0.1323095127610209,0.0664063953488372,0.1061062292358804,0.074245939675174,0.1160092807424593
2025-11-05,1724,reddit_data_eth_2025-11-05_1724.csv,0.0835547563805104,0.1323095127610209,0.0639267335004177,0.1016101086048454,0.074245939675174,0.1160092807424593
2025-11-05,1824,reddit_data_eth_2025-11-05_1824.csv,0.0835547563805104,0.1323095127610209,0.0662031144781144,0.1054483164983165,0.074245939675174,0.1160092807424593
2025-11-05,1919,reddit_data_eth_2025-11-05_1919.csv,0.083361574074074,0.1320041666666666,0.0660601828761429,0.106847132169576,0.074074074074074,0.1157407407407407
2025-11-05,2043,reddit_data_eth_2025-11-05_2043.csv,0.083361574074074,0.1320041666666666,0.0661022575250836,0.1072911371237458,0.074074074074074,0.1157407407407407
2025-11-05,2133,reddit_data_eth_2025-11-05_2133.csv,0.0835547563805104,0.1336932714617169,0.0646442975206611,0.1046070247933884,0.074245939675174,0.1183294663573085
2025-11-05,2222,reddit_data_eth_2025-11-05_2222.csv,0.0835547563805104,0.1336932714617169,0.0652994176372712,0.1067767886855241,0.074245939675174,0.1183294663573085
2025-11-05,2322,reddit_data_eth_2025-11-05_2322.csv,0.0835547563805104,0.1336932714617169,0.0641990931574608,0.1047130255564715,0.074245939675174,0.1183294663573085
2025-11-06,28,reddit_data_eth_2025-11-06_0028.csv,0.0835547563805104,0.1336932714617169,0.0671092946058091,0.108008713692946,0.074245939675174,0.1183294663573085
2025-11-06,121,reddit_data_eth_2025-11-06_0121.csv,0.0835547563805104,0.1336932714617169,0.0653083542188805,0.1056683375104427,0.074245939675174,0.1183294663573085
2025-11-06,232,reddit_data_eth_2025-11-06_0232.csv,0.083361574074074,0.1310863425925925,0.0663595514950166,0.1069415282392026,0.074074074074074,0.1157407407407407
2025-11-06,318,reddit_data_eth_2025-11-06_0318.csv,0.0854722863741339,0.1330916859122402,0.0659153212520593,0.1059857495881383,0.0762124711316397,0.1177829099307159
2025-11-06,425,reddit_data_eth_2025-11-06_0425.csv,0.0869411899313501,0.1343306636155606,0.0667177924217463,0.1067086490939044,0.0778032036613272,0.1189931350114416
2025-11-06,520,reddit_data_eth_2025-11-06_0520.csv,0.0869411899313501,0.1343306636155606,0.0663799674267101,0.1069371335504885,0.0778032036613272,0.1189931350114416
2025-11-06,620,reddit_data_eth_2025-11-06_0620.csv,0.0863506818181818,0.1334552272727272,0.0672673139158576,0.1064412621359223,0.0772727272727272,0.1181818181818181
2025-11-06,720,reddit_data_eth_2025-11-06_0720.csv,0.0889735362997658,0.1344882903981265,0.0704435032894736,0.1086171052631578,0.0796252927400468,0.1194379391100702
2025-11-06,942,reddit_data_eth_2025-11-06_0942.csv,0.08635,0.133455,0.0679272950819672,0.1084191803278688,0.0772727272727272,0.1181818181818181
2025-11-06,1115,reddit_data_eth_2025-11-06_1115.csv,0.0882219457013574,0.1351171945701357,0.0684308631921824,0.1063272801302931,0.0791855203619909,0.1199095022624434
2025-11-06,1228,reddit_data_eth_2025-11-06_1228.csv,0.0902433408577878,0.1370641083521444,0.0691181965881397,0.1074796100731113,0.0812641083521444,0.1218961625282167
2025-11-06,1322,reddit_data_eth_2025-11-06_1322.csv,0.0900416666666666,0.136756981981982,0.0713464285714285,0.1095443181818181,0.081081081081081,0.1216216216216216
2025-11-06,1432,reddit_data_eth_2025-11-06_1432.csv,0.0896385650224215,0.1361448430493273,0.0707270511779041,0.1101038180341186,0.0807174887892376,0.1210762331838565
2025-11-06,1522,reddit_data_eth_2025-11-06_1522.csv,0.089438255033557,0.1358404921700223,0.0683974214343271,0.1080335213537469,0.0805369127516778,0.1208053691275167
2025-11-06,1629,reddit_data_eth_2025-11-06_1629.csv,0.089438255033557,0.1358404921700223,0.0691028112449799,0.1084247389558232,0.0805369127516778,0.1208053691275167
2025-11-06,1724,reddit_data_eth_2025-11-06_1724.csv,0.089438255033557,0.1358404921700223,0.0699700896495517,0.1099687041564792,0.0805369127516778,0.1208053691275167
2025-11-06,1824,reddit_data_eth_2025-11-06_1824.csv,0.0921087557603686,0.1369018433179723,0.0679958435207824,0.1052985330073349,0.0829493087557603,0.1221198156682027
2025-11-06,1919,reddit_data_eth_2025-11-06_1919.csv,0.0918972413793103,0.1370416091954023,0.0688874086108854,0.1063318440292445,0.0827586206896551,0.1218390804597701
2025-11-06,2043,reddit_data_eth_2025-11-06_2043.csv,0.089438255033557,0.1358404921700223,0.0667663961038961,0.1063715097402597,0.0805369127516778,0.1208053691275167
2025-11-06,2133,reddit_data_eth_2025-11-06_2133.csv,0.0892392857142857,0.1355399553571428,0.0640171521035598,0.1030554207119741,0.0803571428571428,0.1205357142857142
2025-11-06,2222,reddit_data_eth_2025-11-06_2222.csv,0.0918974712643678,0.1365896551724137,0.0710001648804616,0.10910098928277,0.0827586206896551,0.1218390804597701
2025-11-06,2324,reddit_data_eth_2025-11-06_2324.csv,0.0916869266055045,0.1362766055045871,0.0670224691358024,0.1044647736625514,0.0825688073394495,0.1215596330275229
2025-11-07,28,reddit_data_eth_2025-11-07_0028.csv,0.0916869266055045,0.1362766055045871,0.068111503697617,0.1049201314708299,0.0825688073394495,0.1215596330275229
2025-11-07,122,reddit_data_eth_2025-11-07_0122.csv,0.0916869266055045,0.1362766055045871,0.0689338856669428,0.107352444076222,0.0825688073394495,0.1215596330275229
2025-11-07,232,reddit_data_eth_2025-11-07_0232.csv,0.091690366972477,0.1363029816513761,0.0676862097440132,0.1043290668868703,0.0825688073394495,0.1215596330275229
2025-11-07,317,reddit_data_eth_2025-11-07_0317.csv,0.091690366972477,0.1363029816513761,0.0694886731391585,0.1064193365695792,0.0825688073394495,0.1215596330275229
2025-11-07,424,reddit_data_eth_2025-11-07_0424.csv,0.0914771167048054,0.1359670480549199,0.0696748154224774,0.1076013125512715,0.0823798627002288,0.1212814645308924
2025-11-07,519,reddit_data_eth_2025-11-07_0519.csv,0.0914771167048054,0.1359670480549199,0.0676295510204081,0.1049660408163265,0.0823798627002288,0.1212814645308924
2025-11-07,621,reddit_data_eth_2025-11-07_0621.csv,0.0918974712643678,0.1365912643678161,0.0695510288065843,0.1075549794238683,0.0827586206896551,0.1218390804597701
2025-11-07,719,reddit_data_eth_2025-11-07_0719.csv,0.0916869266055045,0.1367314220183486,0.0682109181141439,0.1065935483870967,0.0825688073394495,0.1215596330275229
2025-11-07,940,reddit_data_eth_2025-11-07_0940.csv,0.0916869266055045,0.1367314220183486,0.0657629508196721,0.1035351639344262,0.0825688073394495,0.1215596330275229
2025-11-07,1112,reddit_data_eth_2025-11-07_1112.csv,0.0916869266055045,0.1367314220183486,0.0691159670781893,0.1066721810699588,0.0825688073394495,0.1215596330275229
2025-11-07,1224,reddit_data_eth_2025-11-07_1224.csv,0.0916869266055045,0.1367314220183486,0.0673627370156636,0.1046298433635614,0.0825688073394495,0.1215596330275229
2025-11-07,1322,reddit_data_eth_2025-11-07_1322.csv,0.0914782608695652,0.1364196796338672,0.0671792176039119,0.1066339853300733,0.0823798627002288,0.1212814645308924
2025-11-07,1432,reddit_data_eth_2025-11-07_1432.csv,0.0914782608695652,0.1364196796338672,0.0688030629139073,0.1063987582781456,0.0823798627002288,0.1212814645308924
2025-11-07,1521,reddit_data_eth_2025-11-07_1521.csv,0.0914782608695652,0.1364196796338672,0.0679507870753935,0.1044026512013256,0.0823798627002288,0.1212814645308924
2025-11-07,1629,reddit_data_eth_2025-11-07_1629.csv,0.0914782608695652,0.1364196796338672,0.0678061309030654,0.1057601491300745,0.0823798627002288,0.1212814645308924
2025-11-07,1722,reddit_data_eth_2025-11-07_1722.csv,0.0914782608695652,0.1364196796338672,0.0685856209150326,0.1059014705882352,0.0823798627002288,0.1212814645308924
2025-11-07,1823,reddit_data_eth_2025-11-07_1823.csv,0.0914782608695652,0.1364196796338672,0.0691340759075907,0.1061067656765676,0.0823798627002288,0.1212814645308924
2025-11-07,1918,reddit_data_eth_2025-11-07_1918.csv,0.0914782608695652,0.1364196796338672,0.0678816242821985,0.1045690730106644,0.0823798627002288,0.1212814645308924
2025-11-07,2042,reddit_data_eth_2025-11-07_2042.csv,0.0914782608695652,0.1364196796338672,0.0665771498771498,0.1032296478296478,0.0823798627002288,0.1212814645308924
2025-11-07,2129,reddit_data_eth_2025-11-07_2129.csv,0.0914782608695652,0.1364196796338672,0.0697516528925619,0.1081618181818181,0.0823798627002288,0.1212814645308924
2025-11-07,2222,reddit_data_eth_2025-11-07_2222.csv,0.0914782608695652,0.1364196796338672,0.0671804635761589,0.1043001655629139,0.0823798627002288,0.1212814645308924
2025-11-07,2322,reddit_data_eth_2025-11-07_2322.csv,0.0914782608695652,0.1364196796338673,0.0689190436933223,0.1076792250618301,0.0823798627002288,0.1212814645308924
2025-11-08,23,reddit_data_eth_2025-11-08_0023.csv,0.0914782608695652,0.1364196796338673,0.0670569536423841,0.1059711920529801,0.0823798627002288,0.1212814645308924
2025-11-08,119,reddit_data_eth_2025-11-08_0119.csv,0.0914782608695652,0.1364196796338673,0.0666551070840197,0.1040874794069192,0.0823798627002288,0.1212814645308924
2025-11-08,230,reddit_data_eth_2025-11-08_0230.csv,0.0914782608695652,0.1364196796338673,0.069283100902379,0.1051700574241181,0.0823798627002288,0.1212814645308924
2025-11-08,317,reddit_data_eth_2025-11-08_0317.csv,0.0913052511415525,0.1361376712328767,0.0674501238645747,0.1048734104046242,0.0821917808219178,0.1210045662100456
2025-11-08,422,reddit_data_eth_2025-11-08_0422.csv,0.0913052511415525,0.1361376712328767,0.0698892770105605,0.1070437855402112,0.0821917808219178,0.1210045662100456
2025-11-08,516,reddit_data_eth_2025-11-08_0516.csv,0.0904839366515837,0.1349346153846153,0.0694664804469273,0.1058360734237829,0.0814479638009049,0.1199095022624434
2025-11-08,619,reddit_data_eth_2025-11-08_0619.csv,0.0911002277904328,0.1358542141230068,0.0674098360655737,0.1054552459016393,0.082004555808656,0.1207289293849658
2025-11-08,719,reddit_data_eth_2025-11-08_0719.csv,0.0913052511415525,0.1361376712328767,0.0681566037735849,0.1052302707136997,0.0821917808219178,0.1210045662100456
2025-11-08,927,reddit_data_eth_2025-11-08_0927.csv,0.0910984054669704,0.1358289293849658,0.0679733388022969,0.1060851517637407,0.082004555808656,0.1207289293849658
2025-11-08,1104,reddit_data_eth_2025-11-08_1104.csv,0.0902774266365688,0.1346045146726862,0.0669712306438467,0.1037309698451507,0.0812641083521444,0.1196388261851015
2025-11-08,1223,reddit_data_eth_2025-11-08_1223.csv,0.0898937219730941,0.1339190582959641,0.0679348780487804,0.1064586991869918,0.0807174887892376,0.1188340807174887
2025-11-08,1319,reddit_data_eth_2025-11-08_1319.csv,0.0896928411633109,0.1336196868008948,0.0668838187702265,0.1053828478964401,0.0805369127516778,0.1185682326621924
2025-11-08,1428,reddit_data_eth_2025-11-08_1428.csv,0.0894955357142857,0.1333245535714285,0.0676667744543249,0.1038975747776879,0.0803571428571428,0.1183035714285714
2025-11-08,1518,reddit_data_eth_2025-11-08_1518.csv,0.0892964365256124,0.133028285077951,0.067471948261924,0.1043196443007275,0.0801781737193764,0.1180400890868596
2025-11-08,1625,reddit_data_eth_2025-11-08_1625.csv,0.0892964365256124,0.133028285077951,0.0679617813765182,0.1045691497975708,0.0801781737193764,0.1180400890868596
2025-11-08,1719,reddit_data_eth_2025-11-08_1719.csv,0.0905115299334811,0.1338139689578714,0.0705060435132957,0.1066667203867848,0.0798226164079822,0.1175166297117516
2025-11-08,1819,reddit_data_eth_2025-11-08_1819.csv,0.0905115299334811,0.1338139689578714,0.0715644122383252,0.107679307568438,0.0798226164079822,0.1175166297117516
2025-11-08,1915,reddit_data_eth_2025-11-08_1915.csv,0.0905115299334811,0.1338139689578714,0.0704604,0.10768696,0.0798226164079822,0.1175166297117516
2025-11-08,2038,reddit_data_eth_2025-11-08_2038.csv,0.0923072847682119,0.1353662251655629,0.0699363489499192,0.1057254442649434,0.0816777041942604,0.119205298013245
2025-11-08,2125,reddit_data_eth_2025-11-08_2125.csv,0.0921041850220264,0.135068281938326,0.0704003961965134,0.1068957210776545,0.0814977973568281,0.118942731277533
2025-11-08,2218,reddit_data_eth_2025-11-08_2218.csv,0.0919041758241758,0.1347936263736263,0.0690496006389776,0.1059117412140575,0.0813186813186813,0.1186813186813186
2025-11-08,2319,reddit_data_eth_2025-11-08_2319.csv,0.0937361050328227,0.1367719912472647,0.0714102154828411,0.1075364724660814,0.0831509846827133,0.1203501094091903
2025-11-09,23,reddit_data_eth_2025-11-09_0023.csv,0.0935299126637554,0.136472270742358,0.0687801606425703,0.104628032128514,0.0829694323144104,0.1200873362445414
2025-11-09,117,reddit_data_eth_2025-11-09_0117.csv,0.0935299126637554,0.136472270742358,0.0688518754988028,0.1053184357541899,0.0829694323144104,0.1200873362445414
2025-11-09,227,reddit_data_eth_2025-11-09_0227.csv,0.0923469298245614,0.1356890350877193,0.0687116520351157,0.1062015163607342,0.0833333333333333,0.1206140350877193
2025-11-09,316,reddit_data_eth_2025-11-09_0316.csv,0.0921450765864332,0.1353923413566739,0.0678126592356687,0.1039349522292993,0.0831509846827133,0.1203501094091903
2025-11-09,422,reddit_data_eth_2025-11-09_0422.csv,0.0919441048034934,0.135096943231441,0.0720610584518167,0.1079596366508688,0.0829694323144104,0.1200873362445414
2025-11-09,517,reddit_data_eth_2025-11-09_0517.csv,0.0917440087145969,0.1348028322440087,0.070941307814992,0.1071060606060606,0.0827886710239651,0.1198257080610021
2025-11-09,618,reddit_data_eth_2025-11-09_0618.csv,0.0920210869565217,0.1353389130434782,0.06958,0.1064075396825397,0.0826086956521739,0.1195652173913043
2025-11-09,718,reddit_data_eth_2025-11-09_0718.csv,0.0920210869565217,0.1353389130434782,0.0710802537668517,0.10766233148295,0.0826086956521739,0.1195652173913043
2025-11-09,943,reddit_data_eth_2025-11-09_0943.csv,0.0914254859611231,0.1344626349892008,0.0706919152276295,0.1061415227629513,0.0820734341252699,0.1187904967602591
2025-11-09,1115,reddit_data_eth_2025-11-09_1115.csv,0.0914254859611231,0.1344626349892008,0.0691187699680511,0.1051112619808306,0.0820734341252699,0.1187904967602591
2025-11-09,1224,reddit_data_eth_2025-11-09_1224.csv,0.0914254859611231,0.1344626349892008,0.0694722442505947,0.1061590800951625,0.0820734341252699,0.1187904967602591
2025-11-09,1321,reddit_data_eth_2025-11-09_1321.csv,0.0928851293103448,0.1346368534482758,0.0707235340729001,0.1074536450079239,0.0818965517241379,0.1185344827586206
2025-11-09,1429,reddit_data_eth_2025-11-09_1429.csv,0.092688817204301,0.1343479569892473,0.0708927173061863,0.1068580266249021,0.0817204301075268,0.1182795698924731
2025-11-09,1519,reddit_data_eth_2025-11-09_1519.csv,0.092688817204301,0.1343479569892473,0.0701786168521462,0.1048742448330683,0.0817204301075268,0.1182795698924731
2025-11-09,1624,reddit_data_eth_2025-11-09_1624.csv,0.0926873118279569,0.1343518279569892,0.0712702211690363,0.105920616113744,0.0817204301075268,0.1182795698924731
2025-11-09,1719,reddit_data_eth_2025-11-09_1719.csv,0.0924888412017167,0.134063948497854,0.070221178343949,0.1057247611464968,0.0815450643776824,0.1180257510729613
2025-11-09,1819,reddit_data_eth_2025-11-09_1819.csv,0.0924888412017167,0.134063948497854,0.0690287066246056,0.104814905362776,0.0815450643776824,0.1180257510729613
2025-11-09,1916,reddit_data_eth_2025-11-09_1916.csv,0.0924888412017167,0.134063948497854,0.0681346245059288,0.1030190513833992,0.0815450643776824,0.1180257510729613
2025-11-09,2038,reddit_data_eth_2025-11-09_2038.csv,0.0924888412017167,0.134063948497854,0.0706550713153724,0.1060379556259905,0.0815450643776824,0.1180257510729613
2025-11-09,2124,reddit_data_eth_2025-11-09_2124.csv,0.0924888412017167,0.134063948497854,0.0694821513944223,0.1049654183266932,0.0815450643776824,0.1180257510729613
2025-11-09,2217,reddit_data_eth_2025-11-09_2217.csv,0.0924888412017167,0.134063948497854,0.0710264984227129,0.1058264984227129,0.0815450643776824,0.1180257510729613
2025-11-09,2319,reddit_data_eth_2025-11-09_2319.csv,0.0922910064239828,0.1337854389721627,0.0687417521704814,0.1044865824782951,0.0813704496788008,0.1177730192719486
2025-11-10,23,reddit_data_eth_2025-11-10_0023.csv,0.0922910064239828,0.1337854389721627,0.0708919088766692,0.1052751767478397,0.0813704496788008,0.1177730192719486
2025-11-10,116,reddit_data_eth_2025-11-10_0116.csv,0.0924845493562231,0.1340701716738197,0.0689039262820512,0.104273157051282,0.0815450643776824,0.1180257510729613
2025-11-10,227,reddit_data_eth_2025-11-10_0227.csv,0.0920905982905982,0.1335002136752136,0.0699544515103338,0.1053925278219395,0.0811965811965812,0.1175213675213675
2025-11-10,315,reddit_data_eth_2025-11-10_0315.csv,0.0920905982905982,0.1335002136752136,0.0682137192704203,0.1030793814432989,0.0811965811965812,0.1175213675213675
2025-11-10,422,reddit_data_eth_2025-11-10_0422.csv,0.0918944562899786,0.1332159914712153,0.0719671653543307,0.1083338582677165,0.0810234541577825,0.1172707889125799
2025-11-10,517,reddit_data_eth_2025-11-10_0517.csv,0.0918944562899786,0.1332159914712153,0.0704354330708661,0.1064073228346456,0.0810234541577825,0.1172707889125799
2025-11-10,619,reddit_data_eth_2025-11-10_0619.csv,0.0915044585987261,0.1326509554140127,0.068105998421468,0.1038479873717442,0.0806794055201698,0.1167728237791932
2025-11-10,718,reddit_data_eth_2025-11-10_0718.csv,0.0911177589852008,0.13209133192389,0.0716003891050583,0.1065873151750972,0.080338266384778,0.1162790697674418
2025-11-10,945,reddit_data_eth_2025-11-10_0945.csv,0.0907345263157894,0.1315355789473684,0.0682509375,0.102695546875,0.08,0.1157894736842105
2025-11-10,1122,reddit_data_eth_2025-11-10_1122.csv,0.0907345263157894,0.1315355789473684,0.069179453125,0.104009375,0.08,0.1157894736842105
2025-11-10,1228,reddit_data_eth_2025-11-10_1228.csv,0.0903545073375261,0.1309863731656184,0.0649652377240841,0.1004978176149649,0.0796645702306079,0.1153039832285115
2025-11-10,1322,reddit_data_eth_2025-11-10_1322.csv,0.0901654811715481,0.1307125523012552,0.0670513725490196,0.1034559215686274,0.0794979079497908,0.1150627615062761
2025-11-10,1434,reddit_data_eth_2025-11-10_1434.csv,0.0899772442588726,0.1304398747390396,0.0690663799843627,0.1035888193901485,0.0793319415448851,0.1148225469728601
2025-11-10,1522,reddit_data_eth_2025-11-10_1522.csv,0.08979,0.1301685416666666,0.0684645440251572,0.1027830188679245,0.0791666666666666,0.1145833333333333
2025-11-10,1630,reddit_data_eth_2025-11-10_1630.csv,0.0897872916666666,0.1301654166666666,0.0682194076383476,0.1024544816835541,0.0791666666666666,0.1145833333333333
2025-11-10,1726,reddit_data_eth_2025-11-10_1726.csv,0.0897872916666666,0.1301654166666666,0.0681474960876369,0.1031573552425665,0.0791666666666666,0.1145833333333333
2025-11-10,1826,reddit_data_eth_2025-11-10_1826.csv,0.0896010395010395,0.1298956340956341,0.0675750387596899,0.1023461240310077,0.079002079002079,0.1143451143451143
2025-11-10,1919,reddit_data_eth_2025-11-10_1919.csv,0.0896010395010395,0.1298956340956341,0.0684400618716163,0.1033813611755607,0.079002079002079,0.1143451143451143
2025-11-10,2043,reddit_data_eth_2025-11-10_2043.csv,0.0897845833333333,0.130163125,0.0668946511627907,0.1007990697674418,0.0791666666666666,0.1145833333333333
2025-11-10,2132,reddit_data_eth_2025-11-10_2132.csv,0.0897845833333333,0.130163125,0.0686859327217125,0.1034784403669724,0.0791666666666666,0.1145833333333333
2025-11-10,2222,reddit_data_eth_2025-11-10_2222.csv,0.0897845833333333,0.130163125,0.0671110419906687,0.10085,0.0791666666666666,0.1145833333333333
2025-11-10,2324,reddit_data_eth_2025-11-10_2324.csv,0.0895981288981288,0.1298927234927235,0.0688621621621621,0.1028943629343629,0.079002079002079,0.1143451143451143
2025-11-11,29,reddit_data_eth_2025-11-11_0029.csv,0.0895981288981288,0.1298927234927235,0.0700883036405887,0.1058723470178156,0.079002079002079,0.1143451143451143
2025-11-11,120,reddit_data_eth_2025-11-11_0120.csv,0.08941244813278,0.1296234439834025,0.0684003849114703,0.1032005388760585,0.0788381742738589,0.1141078838174273
2025-11-11,232,reddit_data_eth_2025-11-11_0232.csv,0.08941244813278,0.1296234439834025,0.0676504601226993,0.1033921012269938,0.0788381742738589,0.1141078838174273
2025-11-11,317,reddit_data_eth_2025-11-11_0317.csv,0.0897675,0.1300795833333333,0.0698106834249803,0.1043222309505106,0.0791666666666666,0.1145833333333333
2025-11-11,425,reddit_data_eth_2025-11-11_0425.csv,0.0907382716049382,0.1307804526748971,0.0677867507886435,0.1025509463722397,0.0802469135802469,0.1152263374485596
2025-11-11,519,reddit_data_eth_2025-11-11_0519.csv,0.0905521560574948,0.1307252566735113,0.0724770799347471,0.1079471451876019,0.0800821355236139,0.1149897330595482
2025-11-11,622,reddit_data_eth_2025-11-11_0622.csv,0.0903668032786885,0.1304588114754098,0.0716872580645161,0.1071557258064516,0.0799180327868852,0.1147540983606557
2025-11-11,722,reddit_data_eth_2025-11-11_0722.csv,0.0903668032786885,0.1304588114754098,0.0716502811244979,0.1078324497991967,0.0799180327868852,0.1147540983606557
2025-11-11,942,reddit_data_eth_2025-11-11_0942.csv,0.0899983673469387,0.1299348979591836,0.0705839098954143,0.1060492357200321,0.0795918367346938,0.1142857142857142
2025-11-11,1115,reddit_data_eth_2025-11-11_1115.csv,0.0898205702647657,0.1296733197556008,0.0712738114423851,0.1059257050765511,0.0794297352342158,0.1140529531568228
2025-11-11,1226,reddit_data_eth_2025-11-11_1226.csv,0.090183435582822,0.1302006134969325,0.0718149959250203,0.1083361043194784,0.0797546012269938,0.1145194274028629
2025-11-11,1322,reddit_data_eth_2025-11-11_1322.csv,0.090183435582822,0.1302006134969325,0.0706288709677419,0.1062904032258064,0.0797546012269938,0.1145194274028629
2025-11-11,1433,reddit_data_eth_2025-11-11_1433.csv,0.089999387755102,0.1299348979591836,0.0693425343018563,0.1055753026634382,0.0795918367346938,0.1142857142857142
2025-11-11,1522,reddit_data_eth_2025-11-11_1522.csv,0.089999387755102,0.1299348979591836,0.0738114355231143,0.1100630170316301,0.0795918367346938,0.1142857142857142
2025-11-11,1628,reddit_data_eth_2025-11-11_1628.csv,0.0898162932790224,0.1296714867617107,0.0727295399515738,0.1093293785310734,0.0794297352342158,0.1140529531568228
2025-11-11,1724,reddit_data_eth_2025-11-11_1724.csv,0.0914172413793103,0.1311943204868154,0.0736347653142402,0.1109852028639618,0.0811359026369168,0.1156186612576064
2025-11-11,1824,reddit_data_eth_2025-11-11_1824.csv,0.0914172413793103,0.1311943204868154,0.07340784,0.1092576,0.0811359026369168,0.1156186612576064
2025-11-11,1919,reddit_data_eth_2025-11-11_1919.csv,0.0914172413793103,0.1311943204868154,0.0728767036450079,0.1082583993660855,0.0811359026369168,0.1156186612576064
2025-11-11,2043,reddit_data_eth_2025-11-11_2043.csv,0.0914172413793103,0.1311943204868154,0.0760224899598393,0.1116751004016064,0.0811359026369168,0.1156186612576064
2025-11-11,2132,reddit_data_eth_2025-11-11_2132.csv,0.0914172413793103,0.1311943204868154,0.0763741007194244,0.1125591526778577,0.0811359026369168,0.1156186612576064
2025-11-11,2222,reddit_data_eth_2025-11-11_2222.csv,0.0914172413793103,0.1311943204868154,0.0734363196125907,0.1092930589184826,0.0811359026369168,0.1156186612576064
2025-11-11,2323,reddit_data_eth_2025-11-11_2323.csv,0.0914172413793103,0.1311943204868154,0.0738528605962933,0.1097124093473005,0.0811359026369168,0.1156186612576064
2025-11-12,27,reddit_data_eth_2025-11-12_0027.csv,0.0914172413793103,0.1311943204868154,0.0737674939951961,0.1095825460368294,0.0811359026369168,0.1156186612576064
2025-11-12,119,reddit_data_eth_2025-11-12_0119.csv,0.0910523232323232,0.1306672727272727,0.0764644284572342,0.1132932054356514,0.0808080808080808,0.1151515151515151
2025-11-12,231,reddit_data_eth_2025-11-12_0231.csv,0.0910523232323232,0.1306672727272727,0.0725760350318471,0.1093774681528662,0.0808080808080808,0.1151515151515151
2025-11-12,317,reddit_data_eth_2025-11-12_0317.csv,0.0910523232323232,0.1306672727272727,0.0740533226581264,0.1089065652522017,0.0808080808080808,0.1151515151515151
2025-11-12,423,reddit_data_eth_2025-11-12_0423.csv,0.0910523232323232,0.1306672727272727,0.0754985542168674,0.1122015261044176,0.0808080808080808,0.1151515151515151
2025-11-12,519,reddit_data_eth_2025-11-12_0519.csv,0.0910523232323232,0.1306672727272727,0.0741312651087832,0.1101576148267526,0.0808080808080808,0.1151515151515151
2025-11-12,622,reddit_data_eth_2025-11-12_0622.csv,0.0910523232323232,0.1306672727272727,0.0747574721780604,0.1107284578696343,0.0808080808080808,0.1151515151515151
2025-11-12,719,reddit_data_eth_2025-11-12_0719.csv,0.0908689516129032,0.1304042338709677,0.0729273456295108,0.1087118684843624,0.0806451612903225,0.1149193548387096
2025-11-12,942,reddit_data_eth_2025-11-12_0942.csv,0.0906863179074446,0.1301420523138833,0.0714909451945988,0.1085425734710087,0.0804828973843058,0.1146881287726358
2025-11-12,1114,reddit_data_eth_2025-11-12_1114.csv,0.0906863179074446,0.1301420523138833,0.0751393455706304,0.110933679169992,0.0804828973843058,0.1146881287726358
2025-11-12,1225,reddit_data_eth_2025-11-12_1225.csv,0.0906863179074446,0.1301420523138833,0.0717379038613081,0.1076633569739952,0.0804828973843058,0.1146881287726358
2025-11-12,1322,reddit_data_eth_2025-11-12_1322.csv,0.0906863179074446,0.1301420523138833,0.0748400793650793,0.1104111904761904,0.0804828973843058,0.1146881287726358
2025-11-12,1432,reddit_data_eth_2025-11-12_1432.csv,0.0906863179074446,0.1301420523138833,0.0730451151707704,0.1085870532168387,0.0804828973843058,0.1146881287726358
2025-11-12,1522,reddit_data_eth_2025-11-12_1522.csv,0.0906863179074446,0.1301420523138833,0.0743426424050632,0.1103992879746835,0.0804828973843058,0.1146881287726358
2025-11-12,1629,reddit_data_eth_2025-11-12_1629.csv,0.0906863179074446,0.1301420523138833,0.0760280729579698,0.1113554321966693,0.0804828973843058,0.1146881287726358
2025-11-12,1723,reddit_data_eth_2025-11-12_1723.csv,0.0906863179074446,0.1301420523138833,0.0752831496062992,0.1099859842519685,0.0804828973843058,0.1146881287726358
2025-11-12,1825,reddit_data_eth_2025-11-12_1825.csv,0.0906863179074446,0.1301420523138833,0.074973564122738,0.1106826907946498,0.0804828973843058,0.1146881287726358
2025-11-12,1919,reddit_data_eth_2025-11-12_1919.csv,0.0906863179074446,0.1301420523138833,0.0735470078740157,0.1102085039370078,0.0804828973843058,0.1146881287726358
2025-11-12,2044,reddit_data_eth_2025-11-12_2044.csv,0.0906863179074446,0.1301420523138833,0.0744431309904153,0.1101506389776357,0.0804828973843058,0.1146881287726358
2025-11-12,2134,reddit_data_eth_2025-11-12_2134.csv,0.0906863179074446,0.1301420523138833,0.0756213831478537,0.1118304451510333,0.0804828973843058,0.1146881287726358
2025-11-12,2222,reddit_data_eth_2025-11-12_2222.csv,0.0906863179074446,0.1301420523138833,0.0730014901960784,0.1086114509803921,0.0804828973843058,0.1146881287726358
2025-11-12,2324,reddit_data_eth_2025-11-12_2324.csv,0.0906863179074446,0.1301420523138833,0.0719022257551669,0.1086542925278219,0.0804828973843058,0.1146881287726358
2025-11-13,29,reddit_data_eth_2025-11-13_0029.csv,0.0906863179074446,0.1301420523138833,0.0739830708661417,0.1103918897637795,0.0804828973843058,0.1146881287726358
2025-11-13,122,reddit_data_eth_2025-11-13_0122.csv,0.0906863179074446,0.1301420523138833,0.0749826740506329,0.1112615506329113,0.0804828973843058,0.1146881287726358
2025-11-13,231,reddit_data_eth_2025-11-13_0231.csv,0.0906863179074446,0.1301420523138833,0.0739697637795275,0.1092199212598425,0.0804828973843058,0.1146881287726358
2025-11-13,318,reddit_data_eth_2025-11-13_0318.csv,0.0906863179074446,0.1301420523138833,0.074565637371338,0.1100486935866983,0.0804828973843058,0.1146881287726358
2025-11-13,424,reddit_data_eth_2025-11-13_0424.csv,0.0930634343434343,0.1326783838383838,0.0759856349206349,0.1128699999999999,0.0828282828282828,0.1171717171717171
2025-11-13,521,reddit_data_eth_2025-11-13_0521.csv,0.0928758064516129,0.1324110887096774,0.0737545238095238,0.1102587301587301,0.0826612903225806,0.1169354838709677
2025-11-13,622,reddit_data_eth_2025-11-13_0622.csv,0.0926915492957746,0.1321490945674044,0.0771738132911392,0.1130961234177215,0.0824949698189134,0.1167002012072434
2025-11-13,722,reddit_data_eth_2025-11-13_0722.csv,0.0930630303030302,0.1326783838383838,0.0737338915470494,0.1105346889952153,0.0828282828282828,0.1171717171717171
2025-11-13,942,reddit_data_eth_2025-11-13_0942.csv,0.0928762096774193,0.132411693548387,0.0749318979266347,0.1110411483253588,0.0826612903225806,0.1169354838709677
2025-11-13,1116,reddit_data_eth_2025-11-13_1116.csv,0.0928762096774193,0.132411693548387,0.0742947242206235,0.1105313349320543,0.0826612903225806,0.1169354838709677
2025-11-13,1227,reddit_data_eth_2025-11-13_1227.csv,0.0928762096774193,0.132411693548387,0.0739967511885895,0.1104868462757527,0.0826612903225806,0.1169354838709677
2025-11-13,1322,reddit_data_eth_2025-11-13_1322.csv,0.0928762096774193,0.132411693548387,0.0743524380495603,0.1100460431654676,0.0826612903225806,0.1169354838709677
2025-11-13,1433,reddit_data_eth_2025-11-13_1433.csv,0.0928762096774193,0.132411693548387,0.0725759141494435,0.1083838632750397,0.0826612903225806,0.1169354838709677
2025-11-13,1522,reddit_data_eth_2025-11-13_1522.csv,0.0928762096774193,0.132411693548387,0.0759670896114195,0.1122523394131641,0.0826612903225806,0.1169354838709677
2025-11-13,1629,reddit_data_eth_2025-11-13_1629.csv,0.0928762096774193,0.132411693548387,0.0753109350237717,0.1115063391442155,0.0826612903225806,0.1169354838709677
2025-11-13,1724,reddit_data_eth_2025-11-13_1724.csv,0.0928762096774193,0.132411693548387,0.0737248215701824,0.1099166534496431,0.0826612903225806,0.1169354838709677
2025-11-13,1824,reddit_data_eth_2025-11-13_1824.csv,0.0928762096774193,0.132411693548387,0.0746315329626687,0.1108495631453534,0.0826612903225806,0.1169354838709677
2025-11-13,1920,reddit_data_eth_2025-11-13_1920.csv,0.0928762096774193,0.132411693548387,0.0740948289578361,0.1109594272076372,0.0826612903225806,0.1169354838709677
2025-11-13,2045,reddit_data_eth_2025-11-13_2045.csv,0.0928762096774193,0.132411693548387,0.0755582137161084,0.1111204944178628,0.0826612903225806,0.1169354838709677
2025-11-13,2134,reddit_data_eth_2025-11-13_2134.csv,0.0928762096774193,0.132411693548387,0.0742103916866506,0.1110645883293365,0.0826612903225806,0.1169354838709677
2025-11-13,2222,reddit_data_eth_2025-11-13_2222.csv,0.0928762096774193,0.132411693548387,0.0748293375394321,0.1113507097791798,0.0826612903225806,0.1169354838709677
2025-11-13,2324,reddit_data_eth_2025-11-13_2324.csv,0.0928762096774193,0.132411693548387,0.0763959651898734,0.1123715981012658,0.0826612903225806,0.1169354838709677
2025-11-14,26,reddit_data_eth_2025-11-14_0026.csv,0.0928762096774193,0.132411693548387,0.0746015151515151,0.1111102870813397,0.0826612903225806,0.1169354838709677
2025-11-14,121,reddit_data_eth_2025-11-14_0121.csv,0.0928762096774193,0.132411693548387,0.0747532219570405,0.1115766905330151,0.0826612903225806,0.1169354838709677
2025-11-14,232,reddit_data_eth_2025-11-14_0232.csv,0.09268953722334,0.1321543259557344,0.0750664804469273,0.1111652035115722,0.0824949698189134,0.1167002012072434
2025-11-14,317,reddit_data_eth_2025-11-14_0317.csv,0.09268953722334,0.1321543259557344,0.0747287420382165,0.1119898089171974,0.0824949698189134,0.1167002012072434
2025-11-14,424,reddit_data_eth_2025-11-14_0424.csv,0.09268953722334,0.1321543259557344,0.0739064439140811,0.110824184566428,0.0824949698189134,0.1167002012072434
2025-11-14,522,reddit_data_eth_2025-11-14_0522.csv,0.09268953722334,0.1321543259557344,0.0754078274760383,0.1125523162939297,0.0824949698189134,0.1167002012072434
2025-11-14,622,reddit_data_eth_2025-11-14_0622.csv,0.09268953722334,0.1321543259557344,0.0752375,0.1121731803797468,0.0824949698189134,0.1167002012072434
2025-11-14,721,reddit_data_eth_2025-11-14_0721.csv,0.09268953722334,0.1321543259557344,0.0754002398081534,0.1117354916067146,0.0824949698189134,0.1167002012072434
2025-11-14,942,reddit_data_eth_2025-11-14_0942.csv,0.09268953722334,0.1321543259557344,0.0740609141055949,0.109427659574468,0.0824949698189134,0.1167002012072434
2025-11-14,1114,reddit_data_eth_2025-11-14_1114.csv,0.09268953722334,0.1321543259557344,0.0725930288461538,0.1085024839743589,0.0824949698189134,0.1167002012072434
2025-11-14,1225,reddit_data_eth_2025-11-14_1225.csv,0.09268953722334,0.1321543259557344,0.0743370903277378,0.1101449240607514,0.0824949698189134,0.1167002012072434
2025-11-14,1322,reddit_data_eth_2025-11-14_1322.csv,0.09268953722334,0.1321543259557344,0.0750050632911392,0.1112161392405063,0.0824949698189134,0.1167002012072434
2025-11-14,1433,reddit_data_eth_2025-11-14_1433.csv,0.09268953722334,0.1321543259557344,0.0772614951768488,0.1141710610932475,0.0824949698189134,0.1167002012072434
2025-11-14,1522,reddit_data_eth_2025-11-14_1522.csv,0.09268953722334,0.1321543259557344,0.0749466826538769,0.1106979216626698,0.0824949698189134,0.1167002012072434
2025-11-14,1628,reddit_data_eth_2025-11-14_1628.csv,0.09268953722334,0.1321543259557344,0.0726469194312796,0.1079727488151658,0.0824949698189134,0.1167002012072434
2025-11-14,1723,reddit_data_eth_2025-11-14_1723.csv,0.09268953722334,0.1321543259557344,0.0746862370723945,0.1106195704057279,0.0824949698189134,0.1167002012072434
2025-11-14,1824,reddit_data_eth_2025-11-14_1824.csv,0.09268953722334,0.1321543259557344,0.073567246835443,0.1099570411392404,0.0824949698189134,0.1167002012072434
2025-11-14,1918,reddit_data_eth_2025-11-14_1918.csv,0.09268953722334,0.1321543259557344,0.0730516360734238,0.1087324820430965,0.0824949698189134,0.1167002012072434
2025-11-14,2043,reddit_data_eth_2025-11-14_2043.csv,0.09268953722334,0.1321543259557344,0.0749185805422647,0.1112764752791068,0.0824949698189134,0.1167002012072434
2025-11-14,2132,reddit_data_eth_2025-11-14_2132.csv,0.09268953722334,0.1321543259557344,0.073511298076923,0.1093217948717948,0.0824949698189134,0.1167002012072434
2025-11-14,2222,reddit_data_eth_2025-11-14_2222.csv,0.09268953722334,0.1321543259557344,0.0735534810126582,0.1088830696202531,0.0824949698189134,0.1167002012072434
2025-11-14,2320,reddit_data_eth_2025-11-14_2320.csv,0.0928762096774193,0.1323907258064516,0.0745213375796178,0.1105354299363057,0.0826612903225806,0.1169354838709677
2025-11-15,27,reddit_data_eth_2025-11-15_0027.csv,0.0928762096774193,0.1323907258064516,0.076026014319809,0.113192521877486,0.0826612903225806,0.1169354838709677
2025-11-15,119,reddit_data_eth_2025-11-15_0119.csv,0.0928762096774193,0.1323907258064516,0.0763140378548895,0.1125071766561514,0.0826612903225806,0.1169354838709677
2025-11-15,231,reddit_data_eth_2025-11-15_0231.csv,0.0928762096774193,0.1323907258064516,0.0751078904991948,0.1113057165861513,0.0826612903225806,0.1169354838709677
2025-11-15,317,reddit_data_eth_2025-11-15_0317.csv,0.0928764112903225,0.1323909274193548,0.0722213429256594,0.109158832933653,0.0826612903225806,0.1169354838709677
2025-11-15,424,reddit_data_eth_2025-11-15_0424.csv,0.0928762096774193,0.1323907258064516,0.0737592651757188,0.1112475239616613,0.0826612903225806,0.1169354838709677
2025-11-15,520,reddit_data_eth_2025-11-15_0520.csv,0.0928762096774193,0.1323907258064516,0.07491808,0.11019584,0.0826612903225806,0.1169354838709677
2025-11-15,622,reddit_data_eth_2025-11-15_0622.csv,0.0928762096774193,0.1323907258064516,0.076203766025641,0.112025,0.0826612903225806,0.1169354838709677
2025-11-15,719,reddit_data_eth_2025-11-15_0719.csv,0.0928762096774193,0.1323907258064516,0.0764734126984127,0.1140957936507936,0.0826612903225806,0.1169354838709677
2025-11-15,937,reddit_data_eth_2025-11-15_0937.csv,0.0928762096774193,0.1323907258064516,0.0728808,0.10915,0.0826612903225806,0.1169354838709677
2025-11-15,1109,reddit_data_eth_2025-11-15_1109.csv,0.0928762096774193,0.1323907258064516,0.0733715083798882,0.1096892258579409,0.0826612903225806,0.1169354838709677
2025-11-15,1224,reddit_data_eth_2025-11-15_1224.csv,0.0928762096774193,0.1323907258064516,0.0737258964143426,0.1095236653386454,0.0826612903225806,0.1169354838709677
2025-11-15,1321,reddit_data_eth_2025-11-15_1321.csv,0.0928762096774193,0.1323907258064516,0.0748128673550437,0.1123090548054011,0.0826612903225806,0.1169354838709677
2025-11-15,1429,reddit_data_eth_2025-11-15_1429.csv,0.0928762096774193,0.1323907258064516,0.0756052132701421,0.1120166666666666,0.0826612903225806,0.1169354838709677
2025-11-15,1518,reddit_data_eth_2025-11-15_1518.csv,0.0928762096774193,0.1323907258064516,0.0757881195908733,0.1130330448465774,0.0826612903225806,0.1169354838709677
2025-11-15,1625,reddit_data_eth_2025-11-15_1625.csv,0.0928762096774193,0.1323907258064516,0.076589586645469,0.113933306836248,0.0826612903225806,0.1169354838709677
2025-11-15,1719,reddit_data_eth_2025-11-15_1719.csv,0.0928762096774193,0.1323907258064516,0.0751780410742496,0.1104787519747235,0.0826612903225806,0.1169354838709677
2025-11-15,1821,reddit_data_eth_2025-11-15_1821.csv,0.0928762096774193,0.1323907258064516,0.076926303127506,0.1132064153969527,0.0826612903225806,0.1169354838709677
2025-11-15,1916,reddit_data_eth_2025-11-15_1916.csv,0.0928762096774193,0.1323907258064516,0.077971050521251,0.1148255012028869,0.0826612903225806,0.1169354838709677
2025-11-15,2038,reddit_data_eth_2025-11-15_2038.csv,0.0928762096774193,0.1323907258064516,0.0730601769911504,0.1079963797264682,0.0826612903225806,0.1169354838709677
2025-11-15,2125,reddit_data_eth_2025-11-15_2125.csv,0.0928762096774193,0.1323907258064516,0.0722463917525773,0.10855479777954,0.0826612903225806,0.1169354838709677
2025-11-15,2217,reddit_data_eth_2025-11-15_2217.csv,0.0928762096774193,0.1323907258064516,0.0748661341853035,0.1115924920127795,0.0826612903225806,0.1169354838709677
2025-11-15,2319,reddit_data_eth_2025-11-15_2319.csv,0.0928762096774193,0.1323907258064516,0.0728471910112359,0.1098954253611557,0.0826612903225806,0.1169354838709677
2025-11-16,23,reddit_data_eth_2025-11-16_0023.csv,0.0928762096774193,0.1323907258064516,0.0756822027134876,0.1115668794892258,0.0826612903225806,0.1169354838709677
2025-11-16,116,reddit_data_eth_2025-11-16_0116.csv,0.0912225806451613,0.1305419354838709,0.0734322529644268,0.1084503557312252,0.0806451612903225,0.1149193548387096
2025-11-16,227,reddit_data_eth_2025-11-16_0227.csv,0.0928762096774193,0.1323907258064516,0.074206200317965,0.1119538155802861,0.0826612903225806,0.1169354838709677
2025-11-16,314,reddit_data_eth_2025-11-16_0314.csv,0.0928762096774193,0.1323907258064516,0.0735844813935075,0.1101901029295328,0.0826612903225806,0.1169354838709677
2025-11-16,422,reddit_data_eth_2025-11-16_0422.csv,0.0928762096774193,0.1323907258064516,0.0726794140934283,0.1087374505146476,0.0826612903225806,0.1169354838709677
2025-11-16,517,reddit_data_eth_2025-11-16_0517.csv,0.0928762096774193,0.1323907258064516,0.0737489616613418,0.1104340255591054,0.0826612903225806,0.1169354838709677
2025-11-16,617,reddit_data_eth_2025-11-16_0617.csv,0.0928762096774193,0.1323907258064516,0.0738768370607028,0.1105285143769968,0.0826612903225806,0.1169354838709677
2025-11-16,718,reddit_data_eth_2025-11-16_0718.csv,0.0928762096774193,0.1323907258064516,0.0747830278884462,0.1108915537848605,0.0826612903225806,0.1169354838709677
2025-11-16,945,reddit_data_eth_2025-11-16_0945.csv,0.0928762096774193,0.1323907258064516,0.0759066878980891,0.1119899681528662,0.0826612903225806,0.1169354838709677
2025-11-16,1120,reddit_data_eth_2025-11-16_1120.csv,0.0928762096774193,0.1323907258064516,0.0751754176610978,0.1099902943516308,0.0826612903225806,0.1169354838709677
2025-11-16,1227,reddit_data_eth_2025-11-16_1227.csv,0.0928762096774193,0.1323907258064516,0.0734048683160415,0.1096432561851556,0.0826612903225806,0.1169354838709677
2025-11-16,1322,reddit_data_eth_2025-11-16_1322.csv,0.0928766129032258,0.1323913306451613,0.0746708466453674,0.1121017571884984,0.0826612903225806,0.1169354838709677
2025-11-16,1431,reddit_data_eth_2025-11-16_1431.csv,0.0928766129032258,0.1323913306451613,0.0756809976247031,0.1137977830562153,0.0826612903225806,0.1169354838709677
2025-11-16,1519,reddit_data_eth_2025-11-16_1519.csv,0.0926919517102615,0.1321321931589537,0.0735256983240223,0.1106664804469273,0.0824949698189134,0.1167002012072434
2025-11-16,1626,reddit_data_eth_2025-11-16_1626.csv,0.0926919517102615,0.1321321931589537,0.0759620253164557,0.1122490506329113,0.0824949698189134,0.1167002012072434
2025-11-16,1721,reddit_data_eth_2025-11-16_1721.csv,0.0926919517102615,0.1321321931589537,0.0720844073190135,0.1080417661097851,0.0824949698189134,0.1167002012072434
2025-11-16,1822,reddit_data_eth_2025-11-16_1822.csv,0.0926919517102615,0.1321321931589537,0.0742696701528559,0.1111490748189863,0.0824949698189134,0.1167002012072434
2025-11-16,1916,reddit_data_eth_2025-11-16_1916.csv,0.0926919517102615,0.1321321931589537,0.0766371314741035,0.1128266135458167,0.0824949698189134,0.1167002012072434
2025-11-16,2038,reddit_data_eth_2025-11-16_2038.csv,0.0926919517102615,0.1321321931589537,0.0742189490445859,0.1117933121019108,0.0824949698189134,0.1167002012072434
2025-11-16,2126,reddit_data_eth_2025-11-16_2126.csv,0.0926919517102615,0.1321321931589537,0.0743517186250999,0.1100710631494804,0.0824949698189134,0.1167002012072434
2025-11-16,2218,reddit_data_eth_2025-11-16_2218.csv,0.0926919517102615,0.1321321931589537,0.0758534345047923,0.1109156549520766,0.0824949698189134,0.1167002012072434
2025-11-16,2319,reddit_data_eth_2025-11-16_2319.csv,0.0926919517102615,0.1321321931589537,0.0771817315329626,0.1140820492454328,0.0824949698189134,0.1167002012072434
2025-11-17,24,reddit_data_eth_2025-11-17_0024.csv,0.0910424547283702,0.1303064386317907,0.0770587060702875,0.1140735623003194,0.0804828973843058,0.1146881287726358
2025-11-17,117,reddit_data_eth_2025-11-17_0117.csv,0.0926919517102615,0.1321321931589537,0.073902336825141,0.1098830781627719,0.0824949698189134,0.1167002012072434
2025-11-17,228,reddit_data_eth_2025-11-17_0228.csv,0.0926919517102615,0.1321321931589537,0.0742445686900958,0.1111084664536741,0.0824949698189134,0.1167002012072434
2025-11-17,316,reddit_data_eth_2025-11-17_0316.csv,0.0926919517102615,0.1321321931589537,0.0739054011119936,0.1097768069896743,0.0824949698189134,0.1167002012072434
2025-11-17,422,reddit_data_eth_2025-11-17_0422.csv,0.0926919517102615,0.1321321931589537,0.0736247191011236,0.1093177367576244,0.0824949698189134,0.1167002012072434
2025-11-17,518,reddit_data_eth_2025-11-17_0518.csv,0.0926919517102615,0.1321321931589537,0.0736090189873417,0.1104977056962025,0.0824949698189134,0.1167002012072434
2025-11-17,619,reddit_data_eth_2025-11-17_0619.csv,0.0926919517102615,0.1321321931589537,0.0738521394611727,0.110003882725832,0.0824949698189134,0.1167002012072434
2025-11-17,719,reddit_data_eth_2025-11-17_0719.csv,0.0926919517102615,0.1321321931589537,0.0755107913669064,0.110633173461231,0.0824949698189134,0.1167002012072434
2025-11-17,942,reddit_data_eth_2025-11-17_0942.csv,0.0926919517102615,0.1321321931589537,0.0737106741573033,0.1089215088282504,0.0824949698189134,0.1167002012072434
2025-11-17,1118,reddit_data_eth_2025-11-17_1118.csv,0.0908572289156626,0.1300240963855422,0.07433136,0.1099595199999999,0.0803212851405622,0.1144578313253012
2025-11-17,1228,reddit_data_eth_2025-11-17_1228.csv,0.0908572289156626,0.1300240963855422,0.0737332539682539,0.1089516666666666,0.0803212851405622,0.1144578313253012
2025-11-17,1322,reddit_data_eth_2025-11-17_1322.csv,0.0908572289156626,0.1300240963855422,0.073970447284345,0.1090662939297124,0.0803212851405622,0.1144578313253012
2025-11-17,1433,reddit_data_eth_2025-11-17_1433.csv,0.0906769539078156,0.129766132264529,0.0747834658187599,0.1102005564387917,0.0801603206412825,0.1142284569138276
2025-11-17,1522,reddit_data_eth_2025-11-17_1522.csv,0.0904958,0.1295094,0.0746041041831097,0.1090627466456195,0.08,0.114
2025-11-17,1632,reddit_data_eth_2025-11-17_1632.csv,0.0908572289156626,0.1300240963855422,0.075280031695721,0.1121552297939778,0.0803212851405622,0.1144578313253012
2025-11-17,1727,reddit_data_eth_2025-11-17_1727.csv,0.0908572289156626,0.1300240963855422,0.0745899366085578,0.1113809825673533,0.0803212851405622,0.1144578313253012
2025-11-17,1825,reddit_data_eth_2025-11-17_1825.csv,0.0908572289156626,0.1300240963855422,0.0720833201581027,0.1084471936758893,0.0803212851405622,0.1144578313253012
2025-11-17,1919,reddit_data_eth_2025-11-17_1919.csv,0.0908572289156626,0.1300240963855422,0.07408,0.1103158565737051,0.0803212851405622,0.1144578313253012
2025-11-17,2043,reddit_data_eth_2025-11-17_2043.csv,0.0908572289156626,0.1300240963855422,0.0744350515463917,0.1090604282315622,0.0803212851405622,0.1144578313253012
2025-11-17,2133,reddit_data_eth_2025-11-17_2133.csv,0.0908572289156626,0.1300240963855422,0.0758947035573122,0.1121699604743082,0.0803212851405622,0.1144578313253012
2025-11-17,2222,reddit_data_eth_2025-11-17_2222.csv,0.0908572289156626,0.1300240963855422,0.0750372056514913,0.1123421507064364,0.0803212851405622,0.1144578313253012
2025-11-17,2324,reddit_data_eth_2025-11-17_2324.csv,0.0908572289156626,0.1300240963855422,0.074715743670886,0.1103450158227848,0.0803212851405622,0.1144578313253012
2025-11-18,29,reddit_data_eth_2025-11-18_0029.csv,0.0908572289156626,0.1300240963855422,0.0750565696302124,0.1115107002360346,0.0803212851405622,0.1144578313253012
2025-11-18,122,reddit_data_eth_2025-11-18_0122.csv,0.0907196787148594,0.1295556224899598,0.073440891010342,0.1084903739061256,0.0803212851405622,0.1144578313253012
2025-11-18,232,reddit_data_eth_2025-11-18_0232.csv,0.090177245508982,0.128791616766467,0.073761725490196,0.1088916078431372,0.0798403193612774,0.1137724550898203
2025-11-18,317,reddit_data_eth_2025-11-18_0317.csv,0.090177245508982,0.128791616766467,0.0724856915739268,0.1060288553259141,0.0798403193612774,0.1137724550898203
2025-11-18,425,reddit_data_eth_2025-11-18_0425.csv,0.0885464929859719,0.1273104208416833,0.0726185388845247,0.1071010997643362,0.0781563126252505,0.1122244488977955
2025-11-18,521,reddit_data_eth_2025-11-18_0521.csv,0.090177245508982,0.128791616766467,0.0725572549019607,0.106853725490196,0.0798403193612774,0.1137724550898203
2025-11-18,621,reddit_data_eth_2025-11-18_0621.csv,0.090177245508982,0.128791616766467,0.0732576377952755,0.1097459842519685,0.0798403193612774,0.1137724550898203
2025-11-18,719,reddit_data_eth_2025-11-18_0719.csv,0.090177245508982,0.128791616766467,0.0728445146014206,0.107607498026835,0.0798403193612774,0.1137724550898203
2025-11-18,941,reddit_data_eth_2025-11-18_0941.csv,0.090451503006012,0.1293122244488978,0.0728963463065925,0.1076100873709293,0.0801603206412825,0.1142284569138276
2025-11-18,1114,reddit_data_eth_2025-11-18_1114.csv,0.090451503006012,0.1293122244488978,0.0756332801276935,0.1112996807661612,0.0801603206412825,0.1142284569138276
2025-11-18,1226,reddit_data_eth_2025-11-18_1226.csv,0.090451503006012,0.1293122244488978,0.0721290322580645,0.1074471282454759,0.0801603206412825,0.1142284569138276
2025-11-18,1322,reddit_data_eth_2025-11-18_1322.csv,0.090451503006012,0.1293122244488978,0.0740085714285714,0.109135,0.0801603206412825,0.1142284569138276
2025-11-18,1432,reddit_data_eth_2025-11-18_1432.csv,0.090451503006012,0.1293122244488978,0.0745792031872509,0.1104529880478087,0.0801603206412825,0.1142284569138276
2025-11-18,1522,reddit_data_eth_2025-11-18_1522.csv,0.090451503006012,0.1293122244488978,0.0734212073073868,0.1097564733915806,0.0801603206412825,0.1142284569138276
2025-11-18,1629,reddit_data_eth_2025-11-18_1629.csv,0.090451503006012,0.1293122244488978,0.0743195737963693,0.1102176006314128,0.0801603206412825,0.1142284569138276
2025-11-18,1724,reddit_data_eth_2025-11-18_1724.csv,0.090451503006012,0.1293122244488978,0.0722631412786108,0.1065160220994475,0.0801603206412825,0.1142284569138276
2025-11-18,1825,reddit_data_eth_2025-11-18_1825.csv,0.090451503006012,0.1293122244488978,0.072166613672496,0.1077720190779014,0.0801603206412825,0.1142284569138276
2025-11-18,1920,reddit_data_eth_2025-11-18_1920.csv,0.090451503006012,0.1293122244488978,0.0741220727848101,0.1102534810126582,0.0801603206412825,0.1142284569138276
2025-11-18,2043,reddit_data_eth_2025-11-18_2043.csv,0.090451503006012,0.1293122244488978,0.0716231987331749,0.1062453681710213,0.0801603206412825,0.1142284569138276
2025-11-18,2133,reddit_data_eth_2025-11-18_2133.csv,0.090451503006012,0.1293122244488978,0.0743842105263157,0.1099401413982718,0.0801603206412825,0.1142284569138276
2025-11-18,2222,reddit_data_eth_2025-11-18_2222.csv,0.090451503006012,0.1293122244488978,0.0728419303797468,0.1099306962025316,0.0801603206412825,0.1142284569138276
2025-11-18,2324,reddit_data_eth_2025-11-18_2324.csv,0.090451503006012,0.1293122244488978,0.073728537735849,0.1097088050314465,0.0801603206412825,0.1142284569138276
2025-11-19,29,reddit_data_eth_2025-11-19_0029.csv,0.090451503006012,0.12930501002004,0.0750518606492478,0.1111682501979414,0.0801603206412825,0.1142284569138276
2025-11-19,122,reddit_data_eth_2025-11-19_0122.csv,0.090451503006012,0.12930501002004,0.0710540775930324,0.1067001583531274,0.0801603206412825,0.1142284569138276
2025-11-19,232,reddit_data_eth_2025-11-19_0232.csv,0.090451503006012,0.12930501002004,0.0732759653270291,0.1089159180457052,0.0801603206412825,0.1142284569138276
2025-11-19,318,reddit_data_eth_2025-11-19_0318.csv,0.090451503006012,0.12930501002004,0.0717803137254902,0.1058073725490195,0.0801603206412825,0.1142284569138276
2025-11-19,425,reddit_data_eth_2025-11-19_0425.csv,0.090451503006012,0.12930501002004,0.069476148969889,0.1046389857369255,0.0801603206412825,0.1142284569138276
2025-11-19,622,reddit_data_eth_2025-11-19_0622.csv,0.090451503006012,0.12930501002004,0.0721786108918705,0.1087810576164167,0.0801603206412825,0.1142284569138276
2025-11-19,720,reddit_data_eth_2025-11-19_0720.csv,0.090451503006012,0.12930501002004,0.073495051060487,0.1088978004713275,0.0801603206412825,0.1142284569138276
2025-11-19,942,reddit_data_eth_2025-11-19_0942.csv,0.090451503006012,0.12930501002004,0.0757505529225908,0.1108116903633491,0.0801603206412825,0.1142284569138276
2025-11-19,1113,reddit_data_eth_2025-11-19_1113.csv,0.090451503006012,0.12930501002004,0.0735171518489378,0.1089173878835562,0.0801603206412825,0.1142284569138276
2025-11-19,1226,reddit_data_eth_2025-11-19_1226.csv,0.090451503006012,0.12930501002004,0.0761965272296764,0.1102735595895816,0.0801603206412825,0.1142284569138276
2025-11-19,1322,reddit_data_eth_2025-11-19_1322.csv,0.090451503006012,0.12930501002004,0.0730217322834645,0.1094945669291338,0.0801603206412825,0.1142284569138276
2025-11-19,1432,reddit_data_eth_2025-11-19_1432.csv,0.090451503006012,0.12930501002004,0.0729291568163908,0.1080505122143419,0.0801603206412825,0.1142284569138276
2025-11-19,1522,reddit_data_eth_2025-11-19_1522.csv,0.090451503006012,0.12930501002004,0.074663017982799,0.1092916340891321,0.0801603206412825,0.1142284569138276
2025-11-19,1629,reddit_data_eth_2025-11-19_1629.csv,0.090451503006012,0.12930501002004,0.0738074074074074,0.1095174940898345,0.0801603206412825,0.1142284569138276
2025-11-19,1725,reddit_data_eth_2025-11-19_1725.csv,0.090451503006012,0.12930501002004,0.0735388844621514,0.1084886852589641,0.0801603206412825,0.1142284569138276
2025-11-19,1825,reddit_data_eth_2025-11-19_1825.csv,0.090451503006012,0.12930501002004,0.0712764937106918,0.1064008647798742,0.0801603206412825,0.1142284569138276
2025-11-19,1919,reddit_data_eth_2025-11-19_1919.csv,0.090451503006012,0.12930501002004,0.075236716891356,0.1105559080095162,0.0801603206412825,0.1142284569138276
2025-11-19,2044,reddit_data_eth_2025-11-19_2044.csv,0.090451503006012,0.12930501002004,0.0741926984126984,0.1085144444444444,0.0801603206412825,0.1142284569138276
2025-11-19,2133,reddit_data_eth_2025-11-19_2133.csv,0.0919219959266802,0.1293767820773931,0.0768610711430855,0.1104886490807354,0.0814663951120163,0.1140529531568228
2025-11-19,2222,reddit_data_eth_2025-11-19_2222.csv,0.0919219959266802,0.1293767820773931,0.0741858964143426,0.1101960159362549,0.0814663951120163,0.1140529531568228
2025-11-19,2323,reddit_data_eth_2025-11-19_2323.csv,0.0919219959266802,0.1293767820773931,0.0750947958366693,0.1093590072057646,0.0814663951120163,0.1140529531568228
2025-11-20,29,reddit_data_eth_2025-11-20_0029.csv,0.0917404471544715,0.1311376016260162,0.0747138844301765,0.1109111556982343,0.08130081300813,0.1158536585365853
2025-11-20,122,reddit_data_eth_2025-11-20_0122.csv,0.0913728744939271,0.1306089068825911,0.0730751592356687,0.1085488853503184,0.0809716599190283,0.1153846153846153
2025-11-20,232,reddit_data_eth_2025-11-20_0232.csv,0.091930549898167,0.13140549898167,0.07722152,0.11334736,0.0814663951120163,0.1160896130346232
2025-11-20,318,reddit_data_eth_2025-11-20_0318.csv,0.0921181632653061,0.1316734693877551,0.0758605284227381,0.1123510008006405,0.0816326530612244,0.1163265306122448
2025-11-20,422,reddit_data_eth_2025-11-20_0422.csv,0.0906316810344827,0.1282368534482758,0.0721624794745484,0.1080007389162561,0.0797413793103448,0.1120689655172413
2025-11-20,517,reddit_data_eth_2025-11-20_0517.csv,0.0921181632653061,0.1316734693877551,0.0735770766773163,0.1074302715654952,0.0816326530612244,0.1163265306122448
2025-11-20,622,reddit_data_eth_2025-11-20_0622.csv,0.0921181632653061,0.1316734693877551,0.07497784,0.1111912,0.0816326530612244,0.1163265306122448
2025-11-20,721,reddit_data_eth_2025-11-20_0721.csv,0.0919307535641547,0.13140549898167,0.072131746031746,0.1080892857142857,0.0814663951120163,0.1160896130346232
2025-11-20,939,reddit_data_eth_2025-11-20_0939.csv,0.093775,0.1331697154471544,0.0753562599049128,0.1113961172741679,0.0833333333333333,0.1178861788617886
2025-11-20,1112,reddit_data_eth_2025-11-20_1112.csv,0.093775,0.1331697154471544,0.0714683333333333,0.1077116666666666,0.0833333333333333,0.1178861788617886
2025-11-20,1224,reddit_data_eth_2025-11-20_1224.csv,0.0935851926977687,0.1329030425963488,0.0741798737174427,0.1096592738752959,0.0831643002028397,0.1176470588235294
2025-11-20,1322,reddit_data_eth_2025-11-20_1322.csv,0.0935851926977687,0.1329030425963488,0.0741065509076558,0.1105505919494869,0.0831643002028397,0.1176470588235294
2025-11-20,1432,reddit_data_eth_2025-11-20_1432.csv,0.0935851926977687,0.1329030425963488,0.0757341232227488,0.1110325434439178,0.0831643002028397,0.1176470588235294
2025-11-20,1522,reddit_data_eth_2025-11-20_1522.csv,0.0935851926977687,0.1329030425963488,0.0757771929824561,0.1121984051036682,0.0831643002028397,0.1176470588235294
2025-11-20,1630,reddit_data_eth_2025-11-20_1630.csv,0.0935851926977687,0.1329030425963488,0.0755410883280757,0.1115898264984227,0.0831643002028397,0.1176470588235294
2025-11-20,1723,reddit_data_eth_2025-11-20_1723.csv,0.0933957489878542,0.1326342105263157,0.0752464566929133,0.1111248031496063,0.082995951417004,0.117408906882591
2025-11-20,1824,reddit_data_eth_2025-11-20_1824.csv,0.0933957489878542,0.1326342105263157,0.0743686756542426,0.1095663758921491,0.082995951417004,0.117408906882591
2025-11-20,1919,reddit_data_eth_2025-11-20_1919.csv,0.0933957489878542,0.1326342105263157,0.0759277557494052,0.1114999206978588,0.082995951417004,0.117408906882591
2025-11-20,2043,reddit_data_eth_2025-11-20_2043.csv,0.0933957489878542,0.1326342105263157,0.0751336775218427,0.1108966640190627,0.082995951417004,0.117408906882591
2025-11-20,2132,reddit_data_eth_2025-11-20_2132.csv,0.0947209255533199,0.1338464788732394,0.0771983186549239,0.1131255404323458,0.0845070422535211,0.1187122736418511
2025-11-20,2222,reddit_data_eth_2025-11-20_2222.csv,0.0949086345381526,0.1338843373493976,0.0753529411764705,0.1114854531001589,0.0843373493975903,0.1184738955823293
2025-11-20,2323,reddit_data_eth_2025-11-20_2323.csv,0.0949086345381526,0.1338843373493976,0.0760229430379747,0.1120034018987341,0.0843373493975903,0.1184738955823293
2025-11-21,28,reddit_data_eth_2025-11-21_0028.csv,0.0949086345381526,0.1338843373493976,0.0755075959279561,0.1119098668754894,0.0843373493975903,0.1184738955823293
2025-11-21,117,reddit_data_eth_2025-11-21_0117.csv,0.0949086345381526,0.1338843373493976,0.0742906372934697,0.1093885916601101,0.0843373493975903,0.1184738955823293
2025-11-21,232,reddit_data_eth_2025-11-21_0232.csv,0.0949086345381526,0.1338843373493976,0.0765429817605075,0.1105703409992069,0.0843373493975903,0.1184738955823293
2025-11-21,318,reddit_data_eth_2025-11-21_0318.csv,0.0949086345381526,0.1338843373493976,0.0757132492113564,0.1103981861198738,0.0843373493975903,0.1184738955823293
2025-11-21,425,reddit_data_eth_2025-11-21_0425.csv,0.0949086345381526,0.1338843373493976,0.0741908009516256,0.1097591593973037,0.0843373493975903,0.1184738955823293
2025-11-21,520,reddit_data_eth_2025-11-21_0520.csv,0.0949086345381526,0.1338843373493976,0.0747288569144684,0.1089944044764188,0.0843373493975903,0.1184738955823293
2025-11-21,620,reddit_data_eth_2025-11-21_0620.csv,0.0939987234042553,0.1311831914893617,0.0768641914191419,0.1140925742574257,0.0829787234042553,0.1148936170212766
2025-11-21,720,reddit_data_eth_2025-11-21_0720.csv,0.0950062365591397,0.132576129032258,0.0773018062397372,0.1130775041050903,0.0838709677419354,0.1161290322580645
2025-11-21,941,reddit_data_eth_2025-11-21_0941.csv,0.0950062365591397,0.132576129032258,0.0759753935376967,0.1110031483015741,0.0838709677419354,0.1161290322580645
2025-11-21,1112,reddit_data_eth_2025-11-21_1112.csv,0.0950062365591397,0.132576129032258,0.0752119834710743,0.1103029752066115,0.0838709677419354,0.1161290322580645
2025-11-21,1225,reddit_data_eth_2025-11-21_1225.csv,0.0948025751072961,0.1322927038626609,0.0753311730926989,0.1111410172272354,0.0836909871244635,0.1158798283261802
2025-11-21,1322,reddit_data_eth_2025-11-21_1322.csv,0.0948025751072961,0.1322927038626609,0.077605867768595,0.1146246280991735,0.0836909871244635,0.1158798283261802
2025-11-21,1433,reddit_data_eth_2025-11-21_1433.csv,0.0948025751072961,0.1322927038626609,0.0776617232808616,0.1126823529411764,0.0836909871244635,0.1158798283261802
2025-11-21,1522,reddit_data_eth_2025-11-21_1522.csv,0.0945997858672376,0.132009635974304,0.0753903782894736,0.1102696546052631,0.0835117773019272,0.1156316916488222
2025-11-21,1631,reddit_data_eth_2025-11-21_1631.csv,0.0943976495726495,0.1317288461538461,0.0741809248554913,0.1075553261767134,0.0833333333333333,0.1153846153846153
2025-11-21,1723,reddit_data_eth_2025-11-21_1723.csv,0.0943976495726495,0.1317288461538461,0.0763579338842975,0.1104252066115702,0.0833333333333333,0.1153846153846153
2025-11-21,1822,reddit_data_eth_2025-11-21_1822.csv,0.0943976495726495,0.1317288461538461,0.0733166666666666,0.1088274166666666,0.0833333333333333,0.1153846153846153
2025-11-21,1918,reddit_data_eth_2025-11-21_1918.csv,0.0943976495726495,0.1317288461538461,0.0758742411812961,0.1102424118129614,0.0833333333333333,0.1153846153846153
2025-11-21,2042,reddit_data_eth_2025-11-21_2042.csv,0.0943976495726495,0.1317288461538461,0.0748146622734761,0.1102144151565074,0.0833333333333333,0.1153846153846153
2025-11-21,2130,reddit_data_eth_2025-11-21_2130.csv,0.0943976495726495,0.1317288461538461,0.0761717462932454,0.1111109555189456,0.0833333333333333,0.1153846153846153
2025-11-21,2222,reddit_data_eth_2025-11-21_2222.csv,0.0943976495726495,0.1317288461538461,0.0750570132013201,0.1098360561056105,0.0833333333333333,0.1153846153846153
2025-11-21,2319,reddit_data_eth_2025-11-21_2319.csv,0.0943976495726495,0.1317288461538461,0.0747092698933551,0.1112834290401968,0.0833333333333333,0.1153846153846153
2025-11-22,27,reddit_data_eth_2025-11-22_0027.csv,0.0883958963282937,0.1226086393088553,0.0737556846473029,0.1086533609958506,0.0777537796976241,0.1058315334773218
2025-11-22,119,reddit_data_eth_2025-11-22_0119.csv,0.0883958963282937,0.1226086393088553,0.0734909932659932,0.10809234006734,0.0777537796976241,0.1058315334773218
2025-11-22,228,reddit_data_eth_2025-11-22_0228.csv,0.0886701298701298,0.1207170995670995,0.0731716182572614,0.1056734439834024,0.0779220779220779,0.1038961038961039
2025-11-22,318,reddit_data_eth_2025-11-22_0318.csv,0.0886701298701298,0.1207170995670995,0.0748680232558139,0.1078363787375415,0.0779220779220779,0.1038961038961039
2025-11-22,424,reddit_data_eth_2025-11-22_0424.csv,0.0886701298701298,0.1207170995670995,0.0738790082644628,0.1067276859504132,0.0779220779220779,0.1038961038961039
2025-11-22,519,reddit_data_eth_2025-11-22_0519.csv,0.08847969762419,0.1204572354211662,0.07547784184514,0.1095024711696869,0.0777537796976241,0.1036717062634989
2025-11-22,622,reddit_data_eth_2025-11-22_0622.csv,0.0900557939914163,0.1210751072961373,0.074163097199341,0.1063132619439868,0.0793991416309012,0.1051502145922746
2025-11-22,719,reddit_data_eth_2025-11-22_0719.csv,0.0931286334056399,0.1244683297180043,0.0735754430379746,0.1057415189873417,0.0824295010845987,0.1084598698481561
2025-11-22,928,reddit_data_eth_2025-11-22_0928.csv,0.0944320430107526,0.1247447311827956,0.0769136020151133,0.1086989084802686,0.0838709677419354,0.1075268817204301
2025-11-22,1105,reddit_data_eth_2025-11-22_1105.csv,0.0944320430107526,0.1247447311827956,0.0787711666666666,0.1123488333333333,0.0838709677419354,0.1075268817204301
2025-11-22,1224,reddit_data_eth_2025-11-22_1224.csv,0.0925487068965517,0.1229342672413793,0.074740931780366,0.1068762895174708,0.0818965517241379,0.105603448275862
2025-11-22,1320,reddit_data_eth_2025-11-22_1320.csv,0.0925487068965517,0.1229342672413793,0.0758515352697095,0.1090858091286307,0.0818965517241379,0.105603448275862
2025-11-22,1429,reddit_data_eth_2025-11-22_1429.csv,0.0942969957081545,0.1246394849785407,0.0760180544105523,0.1095652926628194,0.0836909871244635,0.1072961373390558
2025-11-22,1519,reddit_data_eth_2025-11-22_1519.csv,0.0942969957081545,0.1246394849785407,0.07564100660066,0.1085250825082508,0.0836909871244635,0.1072961373390558
2025-11-22,1626,reddit_data_eth_2025-11-22_1626.csv,0.0942969957081545,0.1246394849785407,0.0764668599834299,0.1087122618061309,0.0836909871244635,0.1072961373390558
2025-11-22,1721,reddit_data_eth_2025-11-22_1721.csv,0.0942969957081545,0.1246394849785407,0.0755679900744417,0.1079004135649296,0.0836909871244635,0.1072961373390558
2025-11-22,1822,reddit_data_eth_2025-11-22_1822.csv,0.0942969957081545,0.1246394849785407,0.0751385502471169,0.1074859143327841,0.0836909871244635,0.1072961373390558
2025-11-22,1916,reddit_data_eth_2025-11-22_1916.csv,0.0940952890792291,0.1243728051391862,0.0743327543424317,0.1049466501240694,0.0835117773019272,0.1070663811563169
2025-11-22,2037,reddit_data_eth_2025-11-22_2037.csv,0.0951078891257995,0.1259727078891258,0.0743236842105263,0.1066220394736842,0.0831556503198294,0.1087420042643923
2025-11-22,2124,reddit_data_eth_2025-11-22_2124.csv,0.0951078891257995,0.1259727078891258,0.0743696501220504,0.1064570382424735,0.0831556503198294,0.1087420042643923
2025-11-22,2218,reddit_data_eth_2025-11-22_2218.csv,0.0947046709129511,0.1255174097664543,0.0755521069692058,0.1092478930307941,0.0828025477707006,0.10828025477707
2025-11-22,2319,reddit_data_eth_2025-11-22_2319.csv,0.0945042372881356,0.1252531779661017,0.0747522508038585,0.1067085209003215,0.0826271186440678,0.1080508474576271
2025-11-23,24,reddit_data_eth_2025-11-23_0024.csv,0.094905744680851,0.1257825531914893,0.0757779146141215,0.1081174055829228,0.0829787234042553,0.1085106382978723
2025-11-23,117,reddit_data_eth_2025-11-23_0117.csv,0.094905744680851,0.1257825531914893,0.0784020491803278,0.1105025409836065,0.0829787234042553,0.1085106382978723
2025-11-23,228,reddit_data_eth_2025-11-23_0228.csv,0.0993413943355119,0.1308673202614379,0.0789041017227235,0.1115127973748974,0.0871459694989106,0.1132897603485838
2025-11-23,316,reddit_data_eth_2025-11-23_0316.csv,0.0993413943355119,0.1308673202614379,0.0777994152046783,0.1113721804511278,0.0871459694989106,0.1132897603485838
2025-11-23,422,reddit_data_eth_2025-11-23_0422.csv,0.0968195329087048,0.1275490445859872,0.0773939641109298,0.1093851549755301,0.0849256900212314,0.1104033970276008
2025-11-23,518,reddit_data_eth_2025-11-23_0518.csv,0.0966146186440678,0.1272790254237288,0.0764333874898456,0.1084210398050365,0.0847457627118644,0.1101694915254237
2025-11-23,621,reddit_data_eth_2025-11-23_0621.csv,0.0966146186440678,0.1272790254237288,0.0739954619124797,0.1060557536466774,0.0847457627118644,0.1101694915254237
2025-11-23,720,reddit_data_eth_2025-11-23_0720.csv,0.0966146186440678,0.1272790254237288,0.0750882544861337,0.1070619902120717,0.0847457627118644,0.1101694915254237
2025-12-07,1129,reddit_data_eth_2025-12-07_1129.csv,0.114959649122807,0.1461488721804511,0.1008146128680479,0.1351368593238822,0.1027568922305764,0.1328320802005012
