date,subreddit,post_count,avg_score,total_score,score_std,avg_topic_confidence,avg_topic_0,std_topic_0,max_topic_0,avg_topic_1,std_topic_1,max_topic_1,avg_topic_2,std_topic_2,max_topic_2,avg_topic_3,std_topic_3,max_topic_3,avg_topic_4,std_topic_4,max_topic_4,dominant_topic_0_count,dominant_topic_0_pct,dominant_topic_1_count,dominant_topic_1_pct,dominant_topic_2_count,dominant_topic_2_pct,dominant_topic_3_count,dominant_topic_3_pct,dominant_topic_4_count,dominant_topic_4_pct,topic_diversity_entropy,unique_topics_count,topic_concentration
2025-08-06,btc,3033,5.849983514671942,17743.0,13.315616916184064,0.7115188678171441,0.08738323549259043,0.11872293665806057,0.8499391697543923,0.590963902894145,0.2861713876787057,0.91449387492888,0.12492340668050711,0.17782305968093157,0.8293442680874921,0.08404792535596656,0.11087808053197121,0.7629656475293203,0.11268152957679094,0.15783891720639706,0.8653525439366219,118,0.03890537421694692,2300,0.7583250906693043,281,0.09264754368611935,111,0.036597428288822946,223,0.07352456313880647,1.2543740786786173,5,0.7583250906693043
2025-08-06,cryptomarkets,846,6.070921985815603,5136.0,13.941795520814471,0.6990351850115089,0.06664229157072858,0.068535616558449,0.7568605021379625,0.2883451214732273,0.29868948049915034,0.8933234181870944,0.4824480417163002,0.3070742273515633,0.8674185614597654,0.061158624744902135,0.04471999254968878,0.7201766590801126,0.10140592049484187,0.14213447665166024,0.7959617064392585,9,0.010638297872340425,271,0.3203309692671395,513,0.6063829787234043,3,0.0035460992907801418,50,0.0591016548463357,1.3034931495535214,5,0.6063829787234043
2025-08-06,eth,130,4.030769230769231,524.0,10.035548027382392,0.7446692207228921,0.10060523230802182,0.17674842776098612,0.806567470396902,0.32086288709797556,0.34104391063637635,0.8941314370300969,0.22096114765162025,0.2863673832630932,0.8849703110338519,0.1297455466018631,0.21548455264434702,0.7980693760832328,0.2278251863405192,0.29728344743880253,0.8924731306576438,8,0.06153846153846154,49,0.3769230769230769,27,0.2076923076923077,14,0.1076923076923077,32,0.24615384615384617,2.093093091267952,5,0.3769230769230769
2025-08-07,btc,324,5.685185185185185,1842.0,18.521837909132124,0.7416153307913653,0.1322524037682717,0.21398647480688965,0.8499391697543923,0.4925713775878682,0.34193928570275806,0.91449387492888,0.14941103796553012,0.21840403096289607,0.836510415711255,0.07117917434342685,0.09565583174961077,0.7421126352666022,0.1545860063349032,0.2522122492403583,0.8653525439366219,37,0.11419753086419752,196,0.6049382716049383,39,0.12037037037037036,8,0.024691358024691357,44,0.13580246913580246,1.6868296889015362,5,0.6049382716049383
2025-08-07,cryptomarkets,902,6.033259423503326,5442.0,14.511543960630242,0.6996878527880319,0.0687883055571926,0.0801477980641601,0.8092665106369036,0.2844749526000992,0.2972124238494095,0.8933234181870944,0.4890860658463639,0.30407391097170056,0.8690323289757906,0.06093074020614498,0.041616755890580726,0.7201766590801126,0.0967199357901993,0.13486311234191672,0.7959617064392585,14,0.015521064301552107,285,0.31596452328159647,554,0.614190687361419,1,0.0011086474501108647,48,0.05321507760532151,1.28647642811733,5,0.614190687361419
2025-08-07,eth,141,3.921985815602837,553.0,9.690990603932688,0.7414536209563587,0.10653863399706966,0.18446817904399845,0.797190687113669,0.29977941834540434,0.3275855669129533,0.8941314370300969,0.24512405108174606,0.30392046437863773,0.8849703110338519,0.12729986486355227,0.21174026592460693,0.7980693760832328,0.22125803171222766,0.29437269522617066,0.8924731306576438,10,0.07092198581560284,49,0.3475177304964539,33,0.23404255319148937,15,0.10638297872340426,34,0.24113475177304963,2.129748765264133,5,0.3475177304964539
2025-08-08,btc,322,6.065217391304348,1953.0,21.767793984164253,0.7501958719549046,0.13579511920745843,0.2214568776640299,0.8499391697543923,0.4689195392004046,0.35051044159704664,0.9162946840311773,0.15474454081340988,0.22919096737632716,0.8491535854836566,0.06901383681117745,0.09068220201022223,0.7421126352666022,0.17152696396754963,0.2677933805408698,0.8653525439366219,39,0.12111801242236025,181,0.562111801242236,43,0.13354037267080746,6,0.018633540372670808,53,0.16459627329192547,1.7594208046796647,5,0.562111801242236
2025-08-08,cryptomarkets,759,6.210803689064559,4714.0,15.402440928515128,0.7009174430094398,0.083469726983342,0.1189068785448774,0.7951529984083362,0.2697379181864328,0.2904037409734759,0.8975800082631737,0.4919671645591386,0.30847844628455245,0.8952842649985976,0.06001393500226997,0.0333851650738866,0.3456843063840717,0.09481125526881669,0.13345088954177778,0.7959617064392585,27,0.03557312252964427,224,0.2951251646903821,469,0.6179183135704874,0,0.0,39,0.05138339920948617,1.3400174187558402,4,0.6179183135704874
2025-08-08,eth,119,4.38655462184874,522.0,10.45823756395049,0.7381228668648564,0.10245922617702184,0.1790788054997156,0.7943235259038292,0.31979190539681557,0.33593630915841916,0.8941314370300969,0.22166036868111408,0.28853340950689776,0.8849703110338519,0.12586558863658673,0.2064998396201494,0.7909384540677412,0.23022291110846177,0.29719025416426925,0.8924731306576438,8,0.06722689075630252,44,0.3697478991596639,24,0.20168067226890757,12,0.10084033613445378,31,0.2605042016806723,2.0977276215600793,5,0.3697478991596639
2025-08-09,eth,116,5.405172413793103,627.0,14.423397928231125,0.7477566572115275,0.10292734388048007,0.1828981909375779,0.806567470396902,0.2809457998471583,0.3227071639228375,0.8941314370300969,0.20722855617419866,0.2854683396078828,0.8849703110338519,0.14205351323008947,0.23080554002308967,0.7980693760832328,0.26684478686807345,0.32426584558825866,0.8924731306576438,8,0.06896551724137931,37,0.31896551724137934,22,0.1896551724137931,14,0.1206896551724138,35,0.3017241379310345,2.1365573344364344,5,0.31896551724137934
2025-08-09,btc,358,6.220670391061453,2227.0,22.9967460272238,0.7469008107883109,0.17810352177479497,0.25993050607985146,0.8499391697543923,0.5102864244149009,0.3386265381794083,0.9162946840311773,0.11109393601332235,0.17453503794324163,0.8491535854836566,0.06413082785073168,0.08122051844917473,0.7421126352666022,0.13638528994625015,0.22443277251257027,0.8653525439366219,65,0.18156424581005587,220,0.6145251396648045,26,0.07262569832402235,5,0.013966480446927373,42,0.11731843575418995,1.6021078171383127,5,0.6145251396648045
2025-08-09,cryptomarkets,487,6.71047227926078,3268.0,16.147097523037033,0.6997968485860242,0.0910579190910963,0.13696149546355604,0.8074632412177178,0.27250864930685365,0.29466180158405497,0.9005715117813182,0.46549754456028014,0.31762896270161023,0.8952842649985976,0.05897652050308983,0.04189377452784249,0.7061140118766711,0.11195936653868008,0.15433854945121567,0.7959617064392585,24,0.049281314168377825,144,0.29568788501026694,283,0.5811088295687885,2,0.004106776180698152,34,0.06981519507186858,1.4895432196820648,5,0.5811088295687885
2025-08-10,btc,400,5.8725,2349.0,22.059642183934173,0.7500731531930874,0.19835520314292054,0.27727885500540306,0.8499391697543923,0.47995022331113213,0.35033588203648736,0.9162946840311773,0.11757539825092087,0.18646549343863777,0.8491535854836566,0.06406862873140919,0.08085028552601475,0.7421126352666022,0.14005054656361732,0.23538408267461275,0.8653525439366219,85,0.2125,229,0.5725,31,0.0775,6,0.015,49,0.1225,1.6833898396900495,5,0.5725
2025-08-10,cryptomarkets,585,6.023931623931624,3524.0,13.744093685223243,0.7051966487262437,0.09336602241812819,0.13335478393487288,0.7951529984083362,0.26670319439585066,0.2931464000087211,0.8975800082631737,0.4812274872155121,0.31507028991401365,0.8952842649985976,0.06220398370703418,0.056554960667267444,0.7159099341749298,0.09649931226347487,0.1382012698020552,0.8082406165400097,28,0.04786324786324787,172,0.294017094017094,352,0.6017094017094017,4,0.006837606837606838,29,0.04957264957264957,1.4341306704615326,5,0.6017094017094017
2025-08-10,eth,168,5.130952380952381,862.0,17.486542138849714,0.7617419356969432,0.10741985092641752,0.18936026581886028,0.8094409149443405,0.2366715705490269,0.30812702401556497,0.8941314370300969,0.20977771136397183,0.2910784768991554,0.8849703110338519,0.21449944281744487,0.31096650724207375,0.8782513147654146,0.23163142434313885,0.30440113431074833,0.8924731306576438,13,0.07738095238095238,44,0.2619047619047619,33,0.19642857142857142,36,0.21428571428571427,42,0.25,2.2293391769255733,5,0.2619047619047619
2025-08-11,eth,176,5.670454545454546,998.0,19.572996903698925,0.775015044327139,0.18699696127591459,0.28811315451850683,0.8326318034460607,0.20313776680015455,0.290939646625695,0.8941314370300969,0.17806113647099717,0.270065345969195,0.8849703110338519,0.2204186402806881,0.3180090852945631,0.8782513147654146,0.21138549517224564,0.2960382099895749,0.8924731306576438,32,0.18181818181818182,38,0.2159090909090909,28,0.1590909090909091,39,0.2215909090909091,39,0.2215909090909091,2.3100648209115895,5,0.2215909090909091
2025-08-11,btc,436,5.479357798165138,2389.0,21.747707725430892,0.7282213458907867,0.21456634927948956,0.2799476427639459,0.8499391697543923,0.5085228075166793,0.33542160051780445,0.9162946840311773,0.10989668641685567,0.17074433929618252,0.8157409946331572,0.07096967707772292,0.08957363983713473,0.7421126352666022,0.09604447970925244,0.1466948601902601,0.833666136319437,103,0.23623853211009174,269,0.6169724770642202,31,0.07110091743119266,10,0.022935779816513763,23,0.052752293577981654,1.5416379454471523,5,0.6169724770642202
2025-08-11,cryptomarkets,673,6.74739970282318,4541.0,17.891914988302144,0.704336359688649,0.09704498052225906,0.13984613476283145,0.7951529984083362,0.2666977073025999,0.2922692613069923,0.8975800082631737,0.46237128730653687,0.32288389302500786,0.8952842649985976,0.06443726876803181,0.07375164962977743,0.7818628536427242,0.10944875610057236,0.15868179394396686,0.7944268166781614,39,0.05794947994056464,190,0.2823179791976226,386,0.5735512630014858,7,0.010401188707280832,51,0.07578008915304606,1.5637987341364146,5,0.5735512630014858
2025-08-12,eth,221,6.199095022624435,1370.0,21.388318797780137,0.7509631543062059,0.15636660325358595,0.2518501008990943,0.8326318034460607,0.15220490285563484,0.23859431865254327,0.8941314370300969,0.2277173633438084,0.29899184733062373,0.8926168309356685,0.235761923574368,0.31830589598850584,0.8782513147654146,0.2279492069726027,0.29657228509972344,0.8924731306576438,32,0.14479638009049775,32,0.14479638009049775,54,0.24434389140271492,52,0.23529411764705882,51,0.23076923076923078,2.2834659851800723,5,0.24434389140271492
2025-08-12,btc,416,4.627403846153846,1925.0,8.353809836590301,0.7276280225759634,0.22529573882529352,0.27679846634202865,0.8224297526340935,0.5216662142394934,0.32729121702430175,0.9162946840311773,0.11424601344475874,0.1814049407993277,0.8491535854836566,0.06432171038590512,0.06854108242225665,0.729402865283695,0.07447032310454918,0.10795866030211732,0.833666136319437,105,0.25240384615384615,258,0.6201923076923077,33,0.07932692307692307,6,0.014423076923076924,14,0.03365384615384615,1.4716652924052633,5,0.6201923076923077
2025-08-12,cryptomarkets,747,7.186077643908969,5368.0,22.78154605729645,0.697617949637766,0.07441006586056648,0.0944576775042374,0.7790131257215013,0.27935024459044727,0.2962172564541318,0.9041099212363971,0.42734240355982145,0.32234830951181137,0.8559593731365657,0.07002023813759702,0.07912326212257106,0.7818628536427242,0.14887704785156788,0.21107566634613156,0.8203355812130758,19,0.025435073627844713,227,0.3038821954484605,389,0.5207496653279786,11,0.014725568942436412,101,0.13520749665327977,1.627051601285842,5,0.5207496653279786
2025-08-13,btc,393,4.300254452926208,1690.0,7.686552326614476,0.7234210771344516,0.16660925415253558,0.23550419092139285,0.8224297526340935,0.5731191469149813,0.31002282844112816,0.8900129476585124,0.10099510820273394,0.1540777955589772,0.8167842052653536,0.07467441189516173,0.08793093804580265,0.729402865283695,0.08460207883458738,0.11457890484495908,0.833666136319437,67,0.17048346055979643,278,0.7073791348600509,25,0.06361323155216285,9,0.022900763358778626,14,0.035623409669211195,1.3374127474393667,5,0.7073791348600509
2025-08-13,cryptomarkets,720,7.391666666666667,5322.0,23.288346426416222,0.7021661109575654,0.07499680309614143,0.09639380971129805,0.7852030683498232,0.2744513688456013,0.2978516789554069,0.8877977987914154,0.43070880164780484,0.3260167549350938,0.8559593731365657,0.06977266366032116,0.0776320671739632,0.7818628536427242,0.15007036275013116,0.2132269941013332,0.8203355812130758,18,0.025,215,0.2986111111111111,379,0.5263888888888889,9,0.0125,99,0.1375,1.6136722302805055,5,0.5263888888888889
2025-08-13,eth,229,6.11353711790393,1400.0,21.072249152943968,0.7662797314438069,0.1720487913398137,0.27082568392125916,0.8326318034460607,0.15138864480196504,0.2419690128913362,0.8941314370300969,0.21364609376219973,0.296256541919981,0.8926168309356685,0.23023598464591674,0.3194940941858356,0.8782513147654146,0.23268048545010475,0.3043182107780351,0.8924731306576438,37,0.1615720524017467,32,0.13973799126637554,49,0.21397379912663755,55,0.24017467248908297,56,0.2445414847161572,2.288735592599134,5,0.2445414847161572
2025-08-19,btc,280,7.017857142857143,1965.0,34.32549815150094,0.7210269349412936,0.09298031167036541,0.143721432948333,0.7556193954247837,0.38834551461128014,0.32453705991263604,0.8882910090715955,0.20854967336531294,0.2735252629245293,0.837526146744341,0.07251757366223434,0.09872011747906037,0.7622132297322235,0.23760692669080713,0.3055003132146562,0.8400363388911317,18,0.06428571428571428,126,0.45,64,0.22857142857142856,6,0.02142857142857143,66,0.2357142857142857,1.8698697766987666,5,0.45
2025-08-19,eth,326,5.680981595092025,1852.0,19.280825236559174,0.7545003647411413,0.24606705896956954,0.3191130662039662,0.8685979945895269,0.1187202702066826,0.1988999318523167,0.8941314370300969,0.20931598747767463,0.29130157517751865,0.8926168309356685,0.1977024562129517,0.2916546068002625,0.8782513147654146,0.2281942271331215,0.29583450504055875,0.8924731306576438,86,0.26380368098159507,30,0.09202453987730061,69,0.2116564417177914,63,0.19325153374233128,78,0.2392638036809816,2.2500052016480105,5,0.26380368098159507
2025-08-20,btc,373,6.463806970509383,2411.0,32.3439496508451,0.7233822161882093,0.08084688798959905,0.12101473829530475,0.7444765691581829,0.35331129424855817,0.3211492675551134,0.8882910090715955,0.2003143519703168,0.27291728538673676,0.8394927411959796,0.14499504728518456,0.2275782983661619,0.8307177356270886,0.22053241850634142,0.29590020403005257,0.8400363388911317,16,0.04289544235924933,149,0.39946380697050937,79,0.21179624664879357,48,0.128686327077748,81,0.21715817694369974,2.0570778285042373,5,0.39946380697050937
2025-08-20,eth,333,5.66966966966967,1888.0,19.146837769650116,0.7599411230673769,0.27957602220055744,0.3337502914573668,0.8685979945895269,0.11136303069210586,0.19021251821123492,0.8941314370300969,0.20096012134434768,0.2834599350172976,0.8926168309356685,0.20167468270748468,0.29865843637561,0.8782513147654146,0.20642614305550436,0.2872322580316696,0.8924731306576438,106,0.3183183183183183,26,0.07807807807807808,68,0.2042042042042042,67,0.2012012012012012,66,0.1981981981981982,2.2091787823904236,5,0.3183183183183183
2025-08-21,btc,334,7.320359281437126,2445.0,34.35168413445739,0.7149595717450511,0.077016548447029,0.11196492912845504,0.7576299621912916,0.34446059400402845,0.3148449051229002,0.8892280441346673,0.1929937876451909,0.26156502262598685,0.8394927411959796,0.16885809521162784,0.25073656244719555,0.8307177356270886,0.21667097469212385,0.2963566210207065,0.840787876198284,12,0.03592814371257485,127,0.38023952095808383,69,0.20658682634730538,55,0.16467065868263472,71,0.2125748502994012,2.076286560512671,5,0.38023952095808383
2025-08-21,eth,341,5.683284457478006,1938.0,19.009115052073405,0.7593256370723427,0.25807581836984494,0.3253068315462956,0.8685979945895269,0.12122946443762507,0.20453404003111122,0.8941314370300969,0.2141047928404158,0.2935262455055264,0.8926168309356685,0.189584398057767,0.2855533308660558,0.8782513147654146,0.21700552629434713,0.2914219766595256,0.8924731306576438,96,0.28152492668621704,32,0.093841642228739,75,0.21994134897360704,62,0.18181818181818182,76,0.22287390029325513,2.2455327263200062,5,0.28152492668621704
2025-08-22,btc,294,6.629251700680272,1949.0,33.88671089892544,0.6959167629552471,0.06766827099599337,0.08312211642720442,0.7576299621912916,0.40327032098079885,0.31491535269807897,0.8892280441346673,0.22716958740014237,0.28054812757063435,0.8394927411959796,0.20316979768257137,0.26876160358696616,0.8307177356270886,0.09872202294049395,0.14782343994982952,0.7734271539130815,5,0.017006802721088437,137,0.46598639455782315,72,0.24489795918367346,65,0.22108843537414966,15,0.05102040816326531,1.8107883219627152,5,0.46598639455782315
2025-08-22,eth,343,5.763848396501458,1977.0,19.124390577770086,0.7536354482506005,0.27207188327207527,0.32874207753444495,0.8685979945895269,0.12330111611409629,0.20491624482966792,0.8941314370300969,0.17738728999405506,0.26292417632191817,0.8926168309356685,0.18305629813127014,0.2827960478344856,0.8782513147654146,0.24418341248850317,0.3052012379766179,0.8924731306576438,104,0.3032069970845481,34,0.09912536443148688,57,0.1661807580174927,59,0.17201166180758018,89,0.2594752186588921,2.2246583132138227,5,0.3032069970845481
2025-08-23,btc,278,4.539568345323741,1262.0,9.24106842639838,0.6936288927677219,0.07643582237811761,0.09885023732317297,0.7576299621912916,0.4567812075374857,0.3172547353354841,0.9011205788216105,0.14143233309899822,0.19312052381618158,0.7883244234502508,0.23699085525201938,0.2892705542200286,0.8307177356270886,0.08835978173337913,0.1202254927294527,0.7764856353583557,5,0.017985611510791366,153,0.5503597122302158,35,0.12589928057553956,73,0.26258992805755393,12,0.04316546762589928,1.6571006813336462,5,0.5503597122302158
2025-08-23,eth,354,5.669491525423729,2007.0,18.978915579345326,0.7552445423439713,0.26942161927713476,0.3270674294486523,0.8685979945895269,0.13444367115501418,0.22103549909258283,0.8941314370300969,0.19072261044535674,0.27725054442019653,0.8926168309356685,0.1864259492953752,0.2829661504427219,0.8782513147654146,0.21898614982711903,0.28944492429212954,0.8924731306576438,108,0.3050847457627119,39,0.11016949152542373,65,0.18361581920903955,64,0.1807909604519774,78,0.22033898305084745,2.2490354436214517,5,0.3050847457627119
2025-08-24,eth,371,5.539083557951482,2055.0,18.592659354179723,0.7537701810673838,0.2753365281666883,0.3287976113927759,0.8685979945895269,0.11979616715812517,0.20033968408788388,0.8941314370300969,0.18752080332035098,0.27224088976306443,0.8926168309356685,0.1919719783143763,0.2901717794040433,0.8782513147654146,0.2253745230404592,0.2950581057486076,0.8924731306576438,115,0.30997304582210244,33,0.0889487870619946,67,0.18059299191374664,69,0.18598382749326145,87,0.23450134770889489,2.222206349088092,5,0.30997304582210244
2025-08-24,btc,306,4.699346405228758,1438.0,9.799688832343481,0.7104999015765756,0.0807456770025603,0.10394332568900962,0.7576299621912916,0.5120327673279876,0.31747720234666027,0.9011205788216105,0.1272466409870166,0.18018543649906058,0.7889247705309173,0.19119991687642376,0.26559464439649505,0.8307177356270886,0.08877499780601174,0.1243453321710459,0.7764856353583557,9,0.029411764705882353,196,0.6405228758169934,29,0.09477124183006536,60,0.19607843137254902,12,0.0392156862745098,1.5275614078448538,5,0.6405228758169934
2025-08-25,eth,362,5.6878453038674035,2059.0,18.823846380969556,0.7523452552020966,0.2838151334271978,0.33329170871462527,0.8685979945895269,0.123564936335316,0.20463741502765836,0.8941314370300969,0.18883914546617764,0.2731018113604427,0.8926168309356685,0.17975748066259523,0.27703347298245207,0.8782513147654146,0.22402330410871335,0.29236819634640526,0.8924731306576438,116,0.32044198895027626,34,0.09392265193370165,66,0.18232044198895028,60,0.16574585635359115,86,0.23756906077348067,2.2166918855476823,5,0.32044198895027626
2025-08-25,btc,337,4.646884272997033,1566.0,9.874657804270907,0.7165869884153359,0.12443447808107956,0.18894485606081163,0.8387009476318114,0.5018645427452543,0.32261515704956645,0.9011205788216105,0.11070239788257917,0.1683463207732531,0.7883244234502508,0.17613616987147857,0.2558479069617346,0.83409756288303,0.08686241141960836,0.11939725119832596,0.7764856353583557,28,0.0830860534124629,214,0.6350148367952523,24,0.0712166172106825,58,0.17210682492581603,13,0.03857566765578635,1.6037632767961034,5,0.6350148367952523
2025-08-26,btc,249,4.040160642570281,1006.0,7.078932394440396,0.7205810906688843,0.1493698550113706,0.21812822778774257,0.8387009476318114,0.5621586159823557,0.3007352601620974,0.9011205788216105,0.12733355009247116,0.1861337703633684,0.8045469624353766,0.07696737753682625,0.12292219432705884,0.83409756288303,0.08417060137697624,0.11728706183872109,0.7764856353583557,29,0.11646586345381527,181,0.7269076305220884,20,0.08032128514056225,8,0.0321285140562249,11,0.04417670682730924,1.3461631203270477,5,0.7269076305220884
2025-08-26,eth,384,5.385416666666667,2068.0,18.25686739658917,0.7569907806066345,0.28462420388673576,0.33341375809197854,0.8685979945895269,0.11613094805086828,0.19675646099239483,0.8941314370300969,0.1901403555536305,0.27664060638055754,0.8926168309356685,0.18794988737923068,0.2848916765523702,0.8782513147654146,0.22115460512953475,0.2931636697819825,0.8924731306576438,124,0.3229166666666667,31,0.08072916666666667,73,0.19010416666666666,68,0.17708333333333334,88,0.22916666666666666,2.2044024055302387,5,0.3229166666666667
2025-08-27,btc,265,4.8641509433962264,1289.0,10.635687037752126,0.7291613777076167,0.13576273330268676,0.20906320391210256,0.8387009476318114,0.6007057160918259,0.28298493065189856,0.9011205788216105,0.09282987202453154,0.13517506927369774,0.8115756275331069,0.08034188715775142,0.12815452466511476,0.83409756288303,0.09035979142320433,0.1271643453132685,0.7764856353583557,26,0.09811320754716982,203,0.7660377358490567,12,0.045283018867924525,9,0.033962264150943396,15,0.05660377358490566,1.2255962558051967,5,0.7660377358490567
2025-08-27,eth,374,5.553475935828877,2077.0,18.44144639094331,0.7568255593290535,0.2806818946834116,0.3321907474763239,0.8685979945895269,0.12167732429468409,0.2065182035052697,0.8941314370300969,0.1884169230378676,0.2753726132871779,0.8926168309356685,0.17757902766605138,0.27343163151348093,0.8782513147654146,0.23164483031798525,0.29825856194614164,0.8924731306576438,118,0.3155080213903743,33,0.08823529411764706,70,0.18716577540106952,62,0.1657754010695187,91,0.24331550802139038,2.212573121781376,5,0.3155080213903743
2025-08-28,btc,335,4.907462686567164,1644.0,11.163473820204084,0.7239874418513829,0.13525401527644496,0.20545144074955932,0.8387009476318114,0.5865737942531479,0.2934538207975812,0.9011205788216105,0.10400270716519634,0.15433402085296813,0.8045469624353766,0.07195277625854564,0.101403254785554,0.83409756288303,0.10221670704666512,0.14255936178474757,0.7764856353583557,33,0.09850746268656717,251,0.7492537313432835,21,0.0626865671641791,7,0.020895522388059702,23,0.06865671641791045,1.2738247083226235,5,0.7492537313432835
2025-08-28,eth,360,5.733333333333333,2064.0,18.846425224232593,0.7567436534320342,0.2994383329215865,0.33891615173716483,0.8685979945895269,0.11973800476936523,0.20196946874580338,0.8941314370300969,0.17624530900490595,0.2650118580435644,0.8926168309356685,0.1916358755555722,0.28819955023578575,0.8782513147654146,0.2129424777485701,0.28717300330977086,0.8924731306576438,123,0.3416666666666667,32,0.08888888888888889,60,0.16666666666666666,67,0.18611111111111112,78,0.21666666666666667,2.2000973498708865,5,0.3416666666666667
2025-08-29,btc,321,5.127725856697819,1646.0,11.507574032984127,0.7261019491273165,0.13541118961342458,0.20645107683517758,0.8387009476318114,0.5806756434057274,0.2973480170759385,0.8749934983682413,0.09503641238559499,0.14294653912806385,0.7946598497788792,0.08625036641609139,0.13507991865507976,0.83409756288303,0.10262638817916159,0.14832282829968232,0.784691523493495,33,0.102803738317757,236,0.735202492211838,16,0.04984423676012461,14,0.04361370716510903,22,0.06853582554517133,1.3414474618666943,5,0.735202492211838
2025-08-29,eth,357,5.837535014005602,2084.0,18.84923753642383,0.7572038602499277,0.29703109890360313,0.33824188753779266,0.8685979945895269,0.10744984104169027,0.1817032966350487,0.8941314370300969,0.1964061878918303,0.2818587261999294,0.8926168309356685,0.1750058244618442,0.2725994243476902,0.8782513147654146,0.22410704770103207,0.2956662964419951,0.8924731306576438,118,0.33053221288515405,25,0.0700280112044818,71,0.19887955182072828,58,0.16246498599439776,85,0.23809523809523808,2.178823800883437,5,0.33053221288515405
2025-08-30,btc,390,6.033333333333333,2353.0,21.6466462114164,0.7257506432340857,0.18354943440917362,0.2647924087780777,0.8450904372655378,0.520955104046014,0.3158517606989457,0.9025599285980939,0.09174716234710015,0.13076972873366532,0.7737750153088474,0.11468158323182082,0.1902314160790919,0.83409756288303,0.08906671596589155,0.12986676856100596,0.784691523493495,66,0.16923076923076924,253,0.6487179487179487,18,0.046153846153846156,34,0.08717948717948718,19,0.04871794871794872,1.5627908377003294,5,0.6487179487179487
2025-08-30,eth,372,5.67741935483871,2112.0,18.47335739610006,0.758627333112766,0.2975149914717703,0.3385546736728938,0.8685979945895269,0.12424220804095013,0.21116990257288276,0.8941314370300969,0.1810376570743806,0.266414196690017,0.8926168309356685,0.1810157794872073,0.27847734981672995,0.8782513147654146,0.21618936392569166,0.2908444538062793,0.8924731306576438,125,0.33602150537634407,36,0.0967741935483871,65,0.17473118279569894,63,0.1693548387096774,83,0.22311827956989247,2.2112256082482915,5,0.33602150537634407
2025-08-31,btc,367,7.3732970027247955,2706.0,29.61408699233678,0.722175167220579,0.14978510653931373,0.23324220967681106,0.840961921223496,0.5335825478181924,0.3107861161380557,0.8821523735305372,0.1025932344917997,0.1494586576827195,0.8121833753821046,0.11240960902181117,0.18278500194792185,0.8056681302494325,0.10162950212888312,0.1473179262404294,0.784691523493495,49,0.1335149863760218,243,0.662125340599455,22,0.05994550408719346,30,0.08174386920980926,23,0.06267029972752043,1.570845083346108,5,0.662125340599455
2025-08-31,eth,381,5.703412073490814,2173.0,18.253297147314775,0.7545320133260919,0.2808973483075682,0.33290823466875574,0.8685979945895269,0.12923403747801623,0.21195679398429632,0.8941314370300969,0.1838498401624581,0.26926098555433914,0.8926168309356685,0.1778100882543356,0.27732270138222553,0.8782513147654146,0.22820868579762185,0.2954144021444868,0.8924731306576438,119,0.3123359580052493,39,0.10236220472440945,69,0.18110236220472442,62,0.16272965879265092,92,0.24146981627296588,2.228686402484928,5,0.3123359580052493
2025-09-01,btc,418,6.464114832535885,2702.0,32.017080338270404,0.7157466751469108,0.14899170878297122,0.23259892968171827,0.840961921223496,0.4961686079935341,0.3182860761186673,0.9025599285980939,0.11350408734136638,0.165381508803224,0.8121833753821046,0.10014579702412689,0.16026838468681928,0.8056681302494325,0.1411897988580014,0.20554017263477412,0.830451731581046,54,0.1291866028708134,257,0.6148325358851675,32,0.07655502392344497,25,0.05980861244019139,50,0.11961722488038277,1.706166193102992,5,0.6148325358851675
2025-09-01,eth,391,5.59846547314578,2189.0,18.056177228326263,0.7554666211420481,0.28455475134068214,0.3332377813980602,0.8685979945895269,0.12379452179725783,0.20244296265513045,0.8657982976405647,0.1927252054303397,0.2777688065007965,0.8926168309356685,0.17990640908211386,0.27836558852593024,0.8782513147654146,0.2190191123496065,0.2910420947411341,0.8924731306576438,124,0.3171355498721228,38,0.09718670076726342,75,0.1918158567774936,65,0.16624040920716113,89,0.22762148337595908,2.225610032629913,5,0.3171355498721228
2025-09-02,btc,393,7.78117048346056,3058.0,41.419247123770155,0.7200133577341262,0.1622990513738686,0.24738909985816837,0.8379540754750818,0.3873842611653763,0.32283335327929513,0.8821523735305372,0.10978960158300734,0.16599780518391405,0.8121833753821046,0.10781670275576148,0.17829708935339755,0.8056681302494325,0.23271038312198636,0.2976465060489332,0.8326189107849771,57,0.1450381679389313,179,0.455470737913486,30,0.07633587786259542,29,0.0737913486005089,98,0.24936386768447838,1.9812163256989686,5,0.455470737913486
2025-09-02,eth,368,6.201086956521739,2282.0,18.911605620707643,0.7481169862196084,0.28225323863679536,0.3335351893647061,0.8685979945895269,0.13178155208245054,0.21130461251171048,0.8657982976405647,0.19536410281242497,0.2795745776387219,0.8926168309356685,0.17471816295868245,0.27268333311729565,0.8782513147654146,0.2158829435096467,0.2811041889191627,0.8924731306576438,117,0.3179347826086957,41,0.11141304347826086,71,0.19293478260869565,58,0.15760869565217392,81,0.22010869565217392,2.2371078859035185,5,0.3179347826086957
2025-09-03,eth,396,5.459595959595959,2162.0,17.84109560802155,0.7572812753410137,0.2552096737815832,0.32029643104065114,0.8685979945895269,0.13769484000092572,0.22183759758399235,0.8657982976405647,0.2008997568328617,0.28572113117141934,0.8926168309356685,0.1886486553023797,0.28910115004553116,0.8782513147654146,0.21754707408224966,0.28923852522599647,0.8924731306576438,110,0.2777777777777778,47,0.11868686868686869,80,0.20202020202020202,70,0.17676767676767677,89,0.22474747474747475,2.2703677851056008,5,0.2777777777777778
2025-09-03,btc,323,9.269349845201239,2994.0,64.13837831734187,0.7199722900590098,0.06095142018857707,0.035313535481033505,0.321586626835544,0.47659339714592935,0.3242391742703539,0.8861017879082003,0.11673661386249624,0.17338327819049856,0.8298280326582068,0.061823753823670634,0.04809256106868017,0.6984147869902346,0.28389481497932667,0.3097390815120073,0.8326189107849771,1,0.0030959752321981426,191,0.5913312693498453,26,0.0804953560371517,1,0.0030959752321981426,104,0.3219814241486068,1.318839055891541,5,0.5913312693498453
2025-09-04,btc,274,14.036496350364963,3846.0,120.47694648285753,0.7379964907572996,0.060399978541789655,0.05169645209660049,0.738219584366652,0.459919958705779,0.3367649896305443,0.8861017879082003,0.1424244585217996,0.2142409218057108,0.8298280326582068,0.05962334986295056,0.048703374082799296,0.6984147869902346,0.27763225436768113,0.3210961609460314,0.8326189107849771,1,0.0036496350364963502,155,0.5656934306569343,34,0.12408759124087591,1,0.0036496350364963502,83,0.3029197080291971,1.4195602135378511,5,0.5656934306569343
2025-09-04,eth,372,5.782258064516129,2151.0,18.282255614641734,0.7539002433222788,0.2556884673507899,0.32300276384096266,0.8685979945895269,0.1189031858102287,0.1954252332670913,0.8657982976405647,0.19181937929239062,0.27601325608517585,0.8926168309356685,0.19610323617393396,0.2896950417697945,0.8782513147654146,0.2374857313726568,0.3005358408997235,0.8924731306576438,102,0.27419354838709675,33,0.08870967741935484,71,0.19086021505376344,70,0.1881720430107527,96,0.25806451612903225,2.235689328419503,5,0.27419354838709675
2025-09-05,btc,283,13.498233215547703,3820.0,135.36769926374458,0.7214828929485982,0.0713657037320656,0.07163318222376236,0.738219584366652,0.6074425302434026,0.2778738954114894,0.8861017879082003,0.15070120146597893,0.21335921417964304,0.8298280326582068,0.06927134592607108,0.06807472407862127,0.6984147869902346,0.10121921863248179,0.14273541943010618,0.7640575844111402,4,0.014134275618374558,220,0.7773851590106007,38,0.13427561837455831,4,0.014134275618374558,17,0.06007067137809187,1.0888022329819278,5,0.7773851590106007
2025-09-05,eth,387,5.377260981912145,2081.0,17.541285120254273,0.748940496162499,0.2655622225150922,0.3240505319900204,0.8685979945895269,0.1357471387035197,0.2154349409521978,0.8657982976405647,0.19847731035704824,0.2836239233947851,0.8926168309356685,0.18042440434686807,0.2773050785648384,0.8782513147654146,0.21978892407747178,0.2858823401612188,0.8924731306576438,112,0.28940568475452194,43,0.1111111111111111,78,0.20155038759689922,65,0.16795865633074936,89,0.22997416020671835,2.2555988207522755,5,0.28940568475452194
2025-09-06,btc,286,6.451048951048951,1845.0,19.772461327968667,0.7299918959899396,0.07024162999922685,0.08099586968291018,0.738219584366652,0.6388973506264147,0.2615502571619482,0.883214279058029,0.12835674271903927,0.19130249889524492,0.8298280326582068,0.08843113993720648,0.12381103397734307,0.7737697893718883,0.07407313671811265,0.08793204213651544,0.7640575844111402,4,0.013986013986013986,234,0.8181818181818182,31,0.10839160839160839,11,0.038461538461538464,6,0.02097902097902098,0.9682316416250781,5,0.8181818181818182
2025-09-06,eth,367,5.594005449591281,2053.0,18.18458084093845,0.7508090828353798,0.2774487593438961,0.3307701593294398,0.8685979945895269,0.1302484819960604,0.2073576145901387,0.8657982976405647,0.18422699081832056,0.2722193638324842,0.8926168309356685,0.1908466720030137,0.2863150595942109,0.8782513147654146,0.21722909583870922,0.2865876183570899,0.8924731306576438,113,0.3079019073569482,38,0.10354223433242507,65,0.1771117166212534,67,0.18256130790190736,84,0.22888283378746593,2.2391511972990474,5,0.3079019073569482
2025-09-07,eth,362,5.6464088397790055,2044.0,18.267384641444465,0.7457533968332457,0.2632854539084445,0.32259765065130525,0.8685979945895269,0.14680805182078505,0.22753997038536916,0.8728093423408613,0.18677947025727598,0.2695763433345577,0.8926168309356685,0.18507402734628095,0.2822297365495317,0.8782513147654146,0.2180529966672135,0.28592142243260865,0.8924731306576438,104,0.287292817679558,46,0.1270718232044199,66,0.18232044198895028,64,0.17679558011049723,82,0.2265193370165746,2.2700700392333792,5,0.287292817679558
2025-09-07,btc,309,7.197411003236246,2224.0,26.780187356211208,0.7224930861359932,0.07320597473915126,0.08492863512592584,0.7599013387021691,0.6022495613203342,0.2785300496953728,0.883214279058029,0.11632917150758763,0.17200833621641837,0.8298280326582068,0.11929717792104734,0.18076811991562988,0.8196091235495553,0.08891811451187943,0.12455161309490717,0.7574281259603916,5,0.016181229773462782,241,0.7799352750809061,27,0.08737864077669903,24,0.07766990291262135,12,0.038834951456310676,1.1515388107838802,5,0.7799352750809061
2025-09-08,eth,333,5.654654654654655,1883.0,18.80634388009539,0.7528082107748644,0.27209419467506735,0.3303087791471543,0.8685979945895269,0.12561661882916442,0.20512832288273428,0.8728093423408613,0.2070889480995965,0.28859138874430557,0.8926168309356685,0.17081040543048073,0.267994198705291,0.8782513147654146,0.22438983296569098,0.29075454001130363,0.8924731306576438,99,0.2972972972972973,32,0.0960960960960961,70,0.21021021021021022,52,0.15615615615615616,80,0.24024024024024024,2.230629930109236,5,0.2972972972972973
2025-09-08,btc,335,7.516417910447761,2518.0,33.320061915494286,0.7084679468424541,0.07942172393720892,0.09813114717970561,0.7599013387021691,0.5792577272577839,0.28139419913550506,0.8891208973697204,0.11214682814074678,0.15895903361486227,0.7944631173139675,0.13077308967693962,0.19468227170263908,0.8196091235495553,0.09840063098732077,0.13653041679621003,0.7574281259603916,9,0.026865671641791045,255,0.7611940298507462,25,0.07462686567164178,30,0.08955223880597014,16,0.04776119402985075,1.2405767658686775,5,0.7611940298507462
2025-09-09,btc,368,6.135869565217392,2258.0,25.369380508039352,0.7206474721364519,0.0994279278972371,0.14989576641616176,0.7599013387021691,0.5004706884050807,0.3196061810326474,0.8968529496824207,0.16408128178615544,0.25008975897464836,0.84397441630698,0.15548845961062588,0.2241007967065093,0.8196091235495553,0.08053164230090089,0.11487973125491867,0.7574281259603916,21,0.057065217391304345,233,0.6331521739130435,52,0.14130434782608695,52,0.14130434782608695,10,0.02717391304347826,1.592423235354979,5,0.6331521739130435
2025-09-09,eth,352,5.431818181818182,1912.0,18.269146662110952,0.7487641609790269,0.2808266583227519,0.3310143964300758,0.8685979945895269,0.13273783573449097,0.21355114350358786,0.8728093423408613,0.19322088882559454,0.2782051098661403,0.8926168309356685,0.17802440684293383,0.2740369899937278,0.8782513147654146,0.21519021027422883,0.28339867057656826,0.8924731306576438,112,0.3181818181818182,37,0.10511363636363637,66,0.1875,57,0.16193181818181818,80,0.22727272727272727,2.231214243424911,5,0.3181818181818182
2025-09-10,btc,358,5.689944134078212,2037.0,25.832610478666854,0.7339356126218991,0.09399361845473311,0.14953308667317267,0.7599013387021691,0.45059840709192356,0.3348124583169162,0.8968529496824207,0.22165841369827935,0.3007344645214989,0.8463123902389991,0.14979151755216355,0.22557841412197785,0.8196091235495553,0.08395804320290039,0.12569401871449112,0.7574281259603916,22,0.061452513966480445,196,0.547486033519553,79,0.2206703910614525,48,0.1340782122905028,13,0.036312849162011177,1.7665721444903957,5,0.547486033519553
2025-09-10,eth,367,5.272479564032698,1935.0,17.955222997946922,0.7468444932800875,0.27568803188923796,0.3274968437487959,0.8685979945895269,0.14111725383096677,0.2224543607726621,0.8753299014780206,0.19784360033867518,0.27971915319351903,0.8926168309356685,0.17949027934614106,0.2746373364149154,0.8782513147654146,0.20586083459497903,0.2772803896646647,0.8924731306576438,111,0.3024523160762943,46,0.12534059945504086,73,0.1989100817438692,61,0.16621253405994552,76,0.20708446866485014,2.261492730895599,5,0.3024523160762943
2025-09-11,btc,372,5.924731182795699,2204.0,30.728525798860062,0.7337705855564475,0.09477302000897611,0.1477199815575018,0.7599013387021691,0.43967969341925084,0.33688386793061725,0.8891208973697204,0.23411138863984587,0.3080598852978156,0.84397441630698,0.13958696242865062,0.21713374276414074,0.8196091235495553,0.09184893550327661,0.13952275609301898,0.7574281259603916,21,0.056451612903225805,198,0.532258064516129,90,0.24193548387096775,45,0.12096774193548387,18,0.04838709677419355,1.7937015673322667,5,0.532258064516129
2025-09-11,eth,377,5.1485411140583555,1941.0,17.57822045322454,0.7532731330339765,0.26475079214693914,0.3238302380879422,0.8685979945895269,0.16626640839547824,0.2546945372342645,0.8805397652957506,0.18227276874659637,0.2683701725963294,0.8926168309356685,0.1855580785563432,0.28393235817113904,0.8782513147654146,0.20115195215464302,0.27716506728858414,0.8924731306576438,110,0.2917771883289125,59,0.15649867374005305,67,0.17771883289124668,64,0.16976127320954906,77,0.20424403183023873,2.2825691276075517,5,0.2917771883289125
2025-09-12,btc,383,6.130548302872063,2348.0,36.19932719663658,0.7269548886457874,0.09646159411215223,0.1505433701027704,0.7599013387021691,0.46067248701525026,0.3319492679556816,0.9047126502584125,0.25760885092843294,0.31757546648385965,0.8463123902389991,0.11890870472273612,0.17962795628723144,0.7905890508427247,0.06634836322142845,0.06319785639033369,0.7231570851114522,24,0.06266318537859007,211,0.5509138381201044,104,0.27154046997389036,40,0.10443864229765012,4,0.010443864229765013,1.6440886150406442,5,0.5509138381201044
2025-09-12,eth,338,5.479289940828402,1852.0,18.486530105458332,0.7547083067969432,0.27819141399256164,0.33327322351620703,0.8685979945895269,0.15764361888834894,0.24586106331233062,0.8657982976405647,0.19143581073129431,0.278130466169407,0.8926168309356685,0.1595706099625837,0.2595522054271092,0.8782513147654146,0.2131585464252113,0.2819087645985469,0.8555241599689181,102,0.30177514792899407,49,0.14497041420118342,65,0.19230769230769232,46,0.13609467455621302,76,0.22485207100591717,2.2586060158977985,5,0.30177514792899407
