date,subreddit,post_count,avg_score,total_score,score_std,avg_topic_confidence,avg_topic_0,std_topic_0,max_topic_0,avg_topic_1,std_topic_1,max_topic_1,avg_topic_2,std_topic_2,max_topic_2,avg_topic_3,std_topic_3,max_topic_3,avg_topic_4,std_topic_4,max_topic_4,dominant_topic_0_count,dominant_topic_0_pct,dominant_topic_1_count,dominant_topic_1_pct,dominant_topic_2_count,dominant_topic_2_pct,dominant_topic_3_count,dominant_topic_3_pct,dominant_topic_4_count,dominant_topic_4_pct,topic_diversity_entropy,unique_topics_count,topic_concentration,post_count_lag_1,avg_score_lag_1,avg_topic_0_lag_1,avg_topic_1_lag_1,avg_topic_4_lag_1,post_count_lag_3,avg_score_lag_3,avg_topic_0_lag_3,avg_topic_1_lag_3,avg_topic_4_lag_3,post_count_3day_avg,avg_score_3day_avg
2025-08-06,eth,210,2.8476190476190477,598.0,8.029587573505403,0.7332126548046588,0.0939851761463607,0.16132584847840992,0.806567470396902,0.31693413413247157,0.33118061123407755,0.8941314370300969,0.22954365738044447,0.29183477050732154,0.8849703110338519,0.1291278087217819,0.20893004547906655,0.7980693760832328,0.23040922361894134,0.2938930657493894,0.8924731306576438,11,0.05238095238095238,78,0.37142857142857144,47,0.22380952380952382,22,0.10476190476190476,52,0.24761904761904763,2.0765733373876847,5,0.37142857142857144,,,,,,,,,,,210.0,2.8476190476190477
2025-08-07,eth,211,2.919431279620853,616.0,8.042041416904505,0.7329140675550784,0.09394022155155077,0.16092592743659961,0.806567470396902,0.3149984167503602,0.3299323666398461,0.8941314370300969,0.23246293355935344,0.29376002859093253,0.8849703110338519,0.12888990617165713,0.208449664481611,0.7980693760832328,0.22970852196707844,0.2933605081996137,0.8924731306576438,11,0.052132701421800945,78,0.3696682464454976,48,0.22748815165876776,22,0.10426540284360189,52,0.24644549763033174,2.0769111229998938,5,0.3696682464454976,210.0,2.8476190476190477,0.0939851761463607,0.31693413413247157,0.23040922361894134,,,,,,210.5,2.88352516361995
2025-08-08,eth,212,2.8443396226415096,603.0,8.017712384721081,0.7330876038741988,0.09343566459712815,0.1606498328976486,0.806567470396902,0.30947532942121664,0.32873007181976177,0.8941314370300969,0.23295332354515125,0.2936987208071088,0.8849703110338519,0.1317730553912541,0.21301283697356396,0.7980693760832328,0.2323626270452497,0.29580748377352517,0.8924731306576438,11,0.05188679245283019,76,0.3584905660377358,49,0.23113207547169812,23,0.10849056603773585,53,0.25,2.0881151231031576,5,0.3584905660377358,211.0,2.919431279620853,0.09394022155155077,0.3149984167503602,0.22970852196707844,,,,,,211.0,2.8704633166271365
2025-08-09,eth,214,3.350467289719626,717.0,10.834372998852668,0.7327153810021638,0.09291963828840093,0.1599056809072106,0.806567470396902,0.2935170630959524,0.323099013954952,0.8941314370300969,0.22904821249619003,0.2939357366258131,0.8849703110338519,0.1319965466274438,0.215181996664191,0.7980693760832328,0.2525185394920129,0.3043808382163793,0.8924731306576438,11,0.0514018691588785,73,0.3411214953271028,49,0.22897196261682243,23,0.10747663551401869,58,0.27102803738317754,2.0926980813936367,5,0.3411214953271028,212.0,2.8443396226415096,0.09343566459712815,0.30947532942121664,0.2323626270452497,210.0,2.8476190476190477,0.0939851761463607,0.31693413413247157,0.23040922361894134,212.33333333333334,3.0380793973273295
2025-08-10,eth,254,3.688976377952756,937.0,14.351932997552568,0.7481290705287215,0.0925202131930711,0.16202426472628453,0.8094409149443405,0.25374049256408765,0.311733657632443,0.8941314370300969,0.20875553135082386,0.2840593659246508,0.8849703110338519,0.20839242044623094,0.30134791338452827,0.8782513147654146,0.2365913424457864,0.3014383962119598,0.8924731306576438,14,0.05511811023622047,73,0.2874015748031496,52,0.2047244094488189,51,0.20078740157480315,64,0.25196850393700787,2.182083428933856,5,0.2874015748031496,214.0,3.350467289719626,0.09291963828840093,0.2935170630959524,0.2525185394920129,211.0,2.919431279620853,0.09394022155155077,0.3149984167503602,0.22970852196707844,226.66666666666666,3.294594430104631
2025-08-11,eth,297,3.707070707070707,1101.0,15.24102695158376,0.7561212802049098,0.1725845221472606,0.2710586333458944,0.8326318034460607,0.22048867756562396,0.29545143260428464,0.8941314370300969,0.18777648705886704,0.2699282035762692,0.8849703110338519,0.2121174271501359,0.3077686623888291,0.8782513147654146,0.20703288607811246,0.2850751210582716,0.8924731306576438,49,0.16498316498316498,71,0.23905723905723905,53,0.17845117845117844,61,0.2053872053872054,63,0.21212121212121213,2.3096853675679108,5,0.23905723905723905,254.0,3.688976377952756,0.0925202131930711,0.25374049256408765,0.2365913424457864,212.0,2.8443396226415096,0.09343566459712815,0.30947532942121664,0.2323626270452497,255.0,3.5821714582476964
2025-08-12,eth,350,4.268571428571429,1494.0,17.169369865072255,0.7418827776003104,0.14773111602742295,0.24177960681066799,0.8326318034460607,0.1790472185211078,0.2569826325765625,0.8941314370300969,0.2083542808686994,0.2841272487461222,0.8926168309356685,0.23127584599033676,0.3116932069853257,0.8782513147654146,0.2335915385924331,0.297413650529374,0.8924731306576438,45,0.12857142857142856,62,0.17714285714285713,76,0.21714285714285714,81,0.23142857142857143,86,0.24571428571428572,2.287432052579274,5,0.24571428571428572,297.0,3.707070707070707,0.1725845221472606,0.22048867756562396,0.20703288607811246,214.0,3.350467289719626,0.09291963828840093,0.2935170630959524,0.2525185394920129,300.3333333333333,3.888206171198297
2025-08-13,eth,368,4.144021739130435,1525.0,16.803023508892622,0.7516266055124632,0.15613246460300473,0.25338391522441767,0.8326318034460607,0.1644209111969324,0.24865271942406447,0.8941314370300969,0.20667748335273087,0.2865824966890434,0.8926168309356685,0.23280495559313524,0.3162922380872188,0.8782513147654146,0.2399641852541968,0.3026028268222666,0.8924731306576438,52,0.14130434782608695,57,0.15489130434782608,77,0.20923913043478262,88,0.2391304347826087,94,0.2554347826086957,2.2844274607254516,5,0.2554347826086957,350.0,4.268571428571429,0.14773111602742295,0.1790472185211078,0.2335915385924331,254.0,3.688976377952756,0.0925202131930711,0.25374049256408765,0.2365913424457864,338.3333333333333,4.039887958257523
2025-08-19,eth,514,3.9357976653696496,2023.0,15.51926937317313,0.7510465129295731,0.2562234694625076,0.3219207210721683,0.8685979945895269,0.12467024486050103,0.20413437852507044,0.8941314370300969,0.20223246334641834,0.2828805935774753,0.8926168309356685,0.1914172479727467,0.2875870444107702,0.8782513147654146,0.2254565743578262,0.29310294657217,0.8924731306576438,144,0.2801556420233463,49,0.09533073929961089,105,0.20428015564202334,95,0.18482490272373542,121,0.23540856031128404,2.2470554899994286,5,0.2801556420233463,368.0,4.144021739130435,0.15613246460300473,0.1644209111969324,0.2399641852541968,297.0,3.707070707070707,0.1725845221472606,0.22048867756562396,0.20703288607811246,410.6666666666667,4.116130277690504
2025-08-20,eth,539,3.8589981447124306,2080.0,15.217584468677506,0.7491205084036736,0.27055104404942026,0.3264645061045656,0.8685979945895269,0.12474089001681865,0.20306851187682842,0.8941314370300969,0.1961700346636321,0.27833199067289416,0.8926168309356685,0.18491570875003507,0.28237993406447903,0.8782513147654146,0.22362232252009395,0.2919587438418721,0.8924731306576438,162,0.300556586270872,51,0.09461966604823747,106,0.19666048237476808,95,0.17625231910946196,125,0.23191094619666047,2.234868216990436,5,0.300556586270872,514.0,3.9357976653696496,0.2562234694625076,0.12467024486050103,0.2254565743578262,350.0,4.268571428571429,0.14773111602742295,0.1790472185211078,0.2335915385924331,473.6666666666667,3.9796058497375046
2025-08-21,eth,570,3.763157894736842,2145.0,14.882730010857548,0.7485395902534795,0.2744893821827618,0.32712472571223833,0.8685979945895269,0.12869298800024803,0.2083216972725809,0.8941314370300969,0.1919098054958363,0.274097750558773,0.8926168309356685,0.17832569646189195,0.2760599820856758,0.8782513147654146,0.22658212785926182,0.29448432422904597,0.8924731306576438,174,0.30526315789473685,57,0.1,109,0.1912280701754386,95,0.16666666666666666,135,0.23684210526315788,2.234142005755514,5,0.30526315789473685,539.0,3.8589981447124306,0.27055104404942026,0.12474089001681865,0.22362232252009395,368.0,4.144021739130435,0.15613246460300473,0.1644209111969324,0.2399641852541968,541.0,3.8526512349396405
2025-08-22,eth,566,3.8427561837455833,2175.0,15.072861699877507,0.7472304692672472,0.2839842899777799,0.3310181952518714,0.8685979945895269,0.13406306256163622,0.21565135765557783,0.8941314370300969,0.17248391365438792,0.25568386284024336,0.8926168309356685,0.17931179114581436,0.2767858924190017,0.8782513147654146,0.2301569426603816,0.29579552681353055,0.8924731306576438,180,0.31802120141342755,61,0.10777385159010601,93,0.16431095406360424,95,0.16784452296819788,137,0.2420494699646643,2.227667107636199,5,0.31802120141342755,570.0,3.763157894736842,0.2744893821827618,0.12869298800024803,0.22658212785926182,514.0,3.9357976653696496,0.2562234694625076,0.12467024486050103,0.2254565743578262,558.3333333333334,3.821637407731618
2025-08-23,eth,575,3.831304347826087,2203.0,15.067365369127842,0.7465248753188471,0.2866765434024403,0.33119929678063137,0.8685979945895269,0.1269346306755033,0.20547068357672135,0.8941314370300969,0.1754768657108936,0.25880060927757176,0.8926168309356685,0.17893116903336606,0.2763461250327532,0.8782513147654146,0.2319807911777968,0.2964330288262199,0.8924731306576438,185,0.3217391304347826,56,0.09739130434782609,97,0.16869565217391305,96,0.16695652173913045,141,0.24521739130434783,2.2151709592572058,5,0.3217391304347826,566.0,3.8427561837455833,0.2839842899777799,0.13406306256163622,0.2301569426603816,539.0,3.8589981447124306,0.27055104404942026,0.12474089001681865,0.22362232252009395,570.3333333333334,3.8124061421028372
2025-08-24,eth,578,3.8771626297577853,2241.0,15.056121387732517,0.7462084724336242,0.2870438030606295,0.3310452112638145,0.8685979945895269,0.1266276657268535,0.20507979888838412,0.8941314370300969,0.17521035853422026,0.25824484551872245,0.8926168309356685,0.17805576331260184,0.2758299602875688,0.8782513147654146,0.23306240936569492,0.2967668015178463,0.8924731306576438,186,0.3217993079584775,56,0.09688581314878893,97,0.16782006920415224,96,0.16608996539792387,143,0.24740484429065743,2.213498413604465,5,0.3217993079584775,575.0,3.831304347826087,0.2866765434024403,0.1269346306755033,0.2319807911777968,570.0,3.763157894736842,0.2744893821827618,0.12869298800024803,0.22658212785926182,573.0,3.850407720443151
2025-08-25,eth,597,3.8023450586264658,2270.0,14.837864039563568,0.7454333410914534,0.2949268168109449,0.3335718098163005,0.8685979945895269,0.12527407365584695,0.2024529177065375,0.8941314370300969,0.17530171826713592,0.25798157172861524,0.8926168309356685,0.1749988404909955,0.2720920841338239,0.8782513147654146,0.2294985507750767,0.2942191791206371,0.8924731306576438,199,0.3333333333333333,58,0.09715242881072027,100,0.16750418760469013,96,0.16080402010050251,144,0.24120603015075376,2.2057371774457404,5,0.3333333333333333,578.0,3.8771626297577853,0.2870438030606295,0.1266276657268535,0.23306240936569492,566.0,3.8427561837455833,0.2839842899777799,0.13406306256163622,0.2301569426603816,583.3333333333334,3.8369373454034457
2025-08-26,eth,582,3.8642611683848798,2249.0,14.97561279925082,0.7509757698711321,0.30424467323365395,0.33689048796429666,0.8685979945895269,0.12176392621501456,0.2020005466302785,0.8941314370300969,0.17395621934018776,0.2592304338100586,0.8926168309356685,0.17613650130222172,0.27377596275913,0.8782513147654146,0.22389867990892195,0.29358034202577526,0.8924731306576438,202,0.3470790378006873,51,0.08762886597938144,97,0.16666666666666666,95,0.16323024054982818,137,0.23539518900343642,2.1865752813866473,5,0.3470790378006873,597.0,3.8023450586264658,0.2949268168109449,0.12527407365584695,0.2294985507750767,575.0,3.831304347826087,0.2866765434024403,0.1269346306755033,0.2319807911777968,585.6666666666666,3.847922952256377
2025-08-27,eth,586,3.861774744027304,2263.0,14.898850053385852,0.7505324436028631,0.30306294303103604,0.33618586925439736,0.8685979945895269,0.12065963937022946,0.19951977352753894,0.8941314370300969,0.1768884898853462,0.2619721934637908,0.8926168309356685,0.17660198267810823,0.2741348336701037,0.8782513147654146,0.22278694503528007,0.2928824990767571,0.8924731306576438,202,0.3447098976109215,51,0.08703071672354949,100,0.17064846416382254,96,0.16382252559726962,137,0.23378839590443687,2.1892537377521037,5,0.3447098976109215,582.0,3.8642611683848798,0.30424467323365395,0.12176392621501456,0.22389867990892195,578.0,3.8771626297577853,0.2870438030606295,0.1266276657268535,0.23306240936569492,588.3333333333334,3.842793657012883
2025-08-28,eth,589,3.831918505942275,2257.0,14.92295177504847,0.7507494386079987,0.3018944339099297,0.3360585959352165,0.8685979945895269,0.1263613028792539,0.20778196406147034,0.8941314370300969,0.17418717781821885,0.2592093339651604,0.8926168309356685,0.17591460344003088,0.2736034537413836,0.8782513147654146,0.2216424819525667,0.29250025982185035,0.8924731306576438,202,0.34295415959252973,56,0.09507640067911714,98,0.166383701188455,96,0.16298811544991512,137,0.23259762308998302,2.1987300117605084,5,0.34295415959252973,586.0,3.861774744027304,0.30306294303103604,0.12065963937022946,0.22278694503528007,597.0,3.8023450586264658,0.2949268168109449,0.12527407365584695,0.2294985507750767,585.6666666666666,3.852651472784819
2025-08-29,eth,591,3.8815566835871405,2294.0,14.841633434240242,0.750438139510097,0.30104769945963816,0.33580619092597636,0.8685979945895269,0.12370097113605846,0.20405961436005562,0.8941314370300969,0.17473300164392475,0.2593934069819,0.8926168309356685,0.1755056953492553,0.27323276692382825,0.8782513147654146,0.2250126324111233,0.29433186385563365,0.8924731306576438,202,0.34179357021996615,54,0.09137055837563451,99,0.16751269035532995,96,0.16243654822335024,140,0.23688663282571912,2.194687801629144,5,0.34179357021996615,589.0,3.831918505942275,0.3018944339099297,0.1263613028792539,0.2216424819525667,582.0,3.8642611683848798,0.30424467323365395,0.12176392621501456,0.22389867990892195,588.6666666666666,3.8584166445189063
2025-08-30,eth,594,3.872053872053872,2300.0,14.802936909176477,0.7503754017099119,0.2998546040679837,0.3353750633019552,0.8685979945895269,0.12448689682302554,0.2050067958858104,0.8941314370300969,0.174178973124941,0.25885386937593724,0.8926168309356685,0.17495285595654883,0.27265188039704896,0.8782513147654146,0.22652667002750093,0.2952334242425923,0.8924731306576438,202,0.3400673400673401,55,0.09259259259259259,99,0.16666666666666666,96,0.16161616161616163,142,0.23905723905723905,2.1963724874901667,5,0.3400673400673401,591.0,3.8815566835871405,0.30104769945963816,0.12370097113605846,0.2250126324111233,586.0,3.861774744027304,0.30306294303103604,0.12065963937022946,0.22278694503528007,591.3333333333334,3.8618430205277625
2025-08-31,eth,602,3.925249169435216,2363.0,14.70597217657769,0.7488523185107052,0.2968571428665297,0.3341485533788083,0.8685979945895269,0.12818255805846226,0.20704456523665674,0.8941314370300969,0.1732975130560326,0.25892185106305504,0.8926168309356685,0.17346498968283153,0.27113708063768444,0.8782513147654146,0.2281977963361439,0.2953036981936341,0.8924731306576438,202,0.33554817275747506,60,0.09966777408637874,99,0.1644518272425249,96,0.15946843853820597,145,0.24086378737541528,2.205510575826726,5,0.33554817275747506,594.0,3.872053872053872,0.2998546040679837,0.12448689682302554,0.22652667002750093,589.0,3.831918505942275,0.3018944339099297,0.1263613028792539,0.2216424819525667,595.6666666666666,3.892953241692076
2025-09-01,eth,614,3.8794788273615635,2382.0,14.586250281719218,0.7462104842047237,0.29225828095423484,0.33246608230883135,0.8685979945895269,0.13154860704877636,0.20887905130525758,0.8728093423408613,0.17741008295157082,0.26186423974082607,0.8926168309356685,0.171268395003148,0.26892570741443905,0.8782513147654146,0.2275146340422699,0.2930063438571336,0.8924731306576438,202,0.3289902280130293,66,0.10749185667752444,104,0.16938110749185667,96,0.1563517915309446,146,0.23778501628664495,2.218763822982708,5,0.3289902280130293,602.0,3.925249169435216,0.2968571428665297,0.12818255805846226,0.2281977963361439,591.0,3.8815566835871405,0.30104769945963816,0.12370097113605846,0.2250126324111233,603.3333333333334,3.8922606229502166
2025-09-02,eth,623,4.024077046548957,2507.0,14.764640063770734,0.7442618757969162,0.2889230998033968,0.33124733909949794,0.8685979945895269,0.13686330079259743,0.21585653391532753,0.8728093423408613,0.17334199622279906,0.2576999293833154,0.8926168309356685,0.17213985623569905,0.26922603613694823,0.8782513147654146,0.2287317469455076,0.29156503859013383,0.8924731306576438,202,0.32423756019261635,72,0.11556982343499198,102,0.1637239165329053,98,0.15730337078651685,149,0.2391653290529695,2.2274248236934175,5,0.32423756019261635,614.0,3.8794788273615635,0.29225828095423484,0.13154860704877636,0.2275146340422699,594.0,3.872053872053872,0.2998546040679837,0.12448689682302554,0.22652667002750093,613.0,3.942935014448578
2025-09-03,eth,611,3.8379705400982,2345.0,14.529504131276129,0.7480205077290382,0.27984679373928,0.328010977879949,0.8685979945895269,0.1353749026578655,0.21564683418080258,0.8728093423408613,0.1827621333640003,0.2676021701024754,0.8926168309356685,0.1750730408789793,0.27214468725090185,0.8782513147654146,0.22694312935987485,0.2932008571560145,0.8924731306576438,190,0.3109656301145663,68,0.11129296235679215,108,0.176759410801964,99,0.16202945990180032,146,0.23895253682487724,2.237404052624095,5,0.3109656301145663,623.0,4.024077046548957,0.2889230998033968,0.13686330079259743,0.2287317469455076,602.0,3.925249169435216,0.2968571428665297,0.12818255805846226,0.2281977963361439,616.0,3.9138421380029063
2025-09-04,eth,617,3.813614262560778,2353.0,14.400101778601496,0.7476362452021614,0.2777654711897289,0.32708779505058133,0.8685979945895269,0.13835442455706987,0.21895592268551375,0.8728093423408613,0.18284396593997804,0.2676854739843897,0.8926168309356685,0.17400114724297114,0.27103503683028496,0.8782513147654146,0.22703499107025205,0.2928490479074758,0.8924731306576438,190,0.3079416531604538,71,0.11507293354943274,109,0.1766612641815235,99,0.16045380875202594,148,0.23987034035656402,2.24166783641139,5,0.3079416531604538,611.0,3.8379705400982,0.27984679373928,0.1353749026578655,0.22694312935987485,614.0,3.8794788273615635,0.29225828095423484,0.13154860704877636,0.2275146340422699,617.0,3.891887283069311
2025-09-05,eth,602,3.7790697674418605,2275.0,14.22282950049378,0.7450222676285281,0.2834506622051107,0.32912650760997114,0.8685979945895269,0.1419090186241185,0.22155542900239653,0.8728093423408613,0.1861277776981593,0.2701829476402561,0.8926168309356685,0.17336729823915478,0.2703244781071332,0.8782513147654146,0.21514524323345666,0.28270572065648686,0.8924731306576438,190,0.31561461794019935,71,0.11794019933554817,109,0.18106312292358803,96,0.15946843853820597,136,0.22591362126245848,2.242443515717053,5,0.31561461794019935,617.0,3.813614262560778,0.2777654711897289,0.13835442455706987,0.22703499107025205,623.0,4.024077046548957,0.2889230998033968,0.13686330079259743,0.2287317469455076,610.0,3.8102181900336127
2025-09-06,eth,592,3.810810810810811,2256.0,14.493058657746165,0.7426816185625267,0.2879433470215522,0.3302498861582007,0.8685979945895269,0.1445549879692107,0.22328400905893797,0.8728093423408613,0.17507691631092429,0.2590086181285176,0.8926168309356685,0.17451930431985638,0.2714441361394613,0.8782513147654146,0.21790544437845635,0.28363779446733023,0.8924731306576438,190,0.32094594594594594,72,0.12162162162162163,99,0.16722972972972974,95,0.16047297297297297,136,0.22972972972972974,2.2384319124598715,5,0.32094594594594594,602.0,3.7790697674418605,0.2834506622051107,0.1419090186241185,0.21514524323345666,611.0,3.8379705400982,0.27984679373928,0.1353749026578655,0.22694312935987485,603.6666666666666,3.8011649469378166
2025-09-07,eth,595,3.784873949579832,2252.0,14.430867581943444,0.7421331433977987,0.28676866466604634,0.32983072349126213,0.8685979945895269,0.14883809618730284,0.22829068297827307,0.8728093423408613,0.17119482139643832,0.25515866746989296,0.8926168309356685,0.17443967288685575,0.2710134153064037,0.8782513147654146,0.2187587448633568,0.2840075303759087,0.8924731306576438,190,0.31932773109243695,76,0.12773109243697478,96,0.16134453781512606,96,0.16134453781512606,137,0.23025210084033612,2.242194173979093,5,0.31932773109243695,592.0,3.810810810810811,0.2879433470215522,0.1445549879692107,0.21790544437845635,617.0,3.813614262560778,0.2777654711897289,0.13835442455706987,0.22703499107025205,596.3333333333334,3.7915848426108343
2025-09-08,eth,565,3.6920353982300886,2086.0,14.624884927673138,0.7446110387359172,0.2988048240963768,0.33419899993356705,0.8685979945895269,0.13088146974441417,0.20834345498685508,0.8728093423408613,0.183696478605296,0.2661908394828057,0.8926168309356685,0.17645052183819118,0.27389915312669216,0.8782513147654146,0.21016670571572188,0.28059629887294407,0.8924731306576438,190,0.336283185840708,57,0.10088495575221239,102,0.18053097345132743,92,0.16283185840707964,124,0.21946902654867256,2.2149871923174516,5,0.336283185840708,595.0,3.784873949579832,0.28676866466604634,0.14883809618730284,0.2187587448633568,602.0,3.7790697674418605,0.2834506622051107,0.1419090186241185,0.21514524323345666,584.0,3.76257338620691
2025-09-09,eth,572,3.6905594405594404,2111.0,14.494532396347072,0.7434782588302303,0.29596215891001004,0.3331325354866854,0.8685979945895269,0.14011328972082465,0.21906911455959108,0.8728093423408613,0.17857733705253273,0.2616383217531534,0.8926168309356685,0.1754370987808978,0.2724793998686011,0.8782513147654146,0.20991011553573485,0.27957926499580127,0.8924731306576438,190,0.3321678321678322,66,0.11538461538461539,99,0.17307692307692307,92,0.16083916083916083,125,0.21853146853146854,2.229102773162261,5,0.3321678321678322,565.0,3.6920353982300886,0.2988048240963768,0.13088146974441417,0.21016670571572188,592.0,3.810810810810811,0.2879433470215522,0.1445549879692107,0.21790544437845635,577.3333333333334,3.72248959612312
2025-09-10,eth,576,3.6753472222222223,2117.0,14.483591311222895,0.7441451892216958,0.29485191086144025,0.3323555203625481,0.8685979945895269,0.1446233394454287,0.22480065454609324,0.8753299014780206,0.17793992139174308,0.26083495078285795,0.8926168309356685,0.17510288712092517,0.27159082482045693,0.8782513147654146,0.20748194118046265,0.2791758155088949,0.8924731306576438,190,0.3298611111111111,72,0.125,99,0.171875,92,0.1597222222222222,123,0.21354166666666666,2.237788794517695,5,0.3298611111111111,572.0,3.6905594405594404,0.29596215891001004,0.14011328972082465,0.20991011553573485,595.0,3.784873949579832,0.28676866466604634,0.14883809618730284,0.2187587448633568,571.0,3.685980687003917
2025-09-11,eth,596,3.5738255033557045,2130.0,14.130588530973672,0.7467537261150381,0.2854077010646372,0.32910219009141645,0.8685979945895269,0.17083675933444523,0.2553971174032931,0.8805397652957506,0.1734068829110698,0.25755058675728104,0.8926168309356685,0.16925698729623448,0.26715211548879775,0.8782513147654146,0.2010916693936133,0.2751744771422125,0.8924731306576438,189,0.31711409395973156,95,0.1593959731543624,99,0.16610738255033558,91,0.15268456375838926,122,0.20469798657718122,2.2603334973113935,5,0.31711409395973156,576.0,3.6753472222222223,0.29485191086144025,0.1446233394454287,0.20748194118046265,565.0,3.6920353982300886,0.2988048240963768,0.13088146974441417,0.21016670571572188,581.3333333333334,3.6465773887124553
2025-09-12,eth,583,3.547169811320755,2068.0,14.252295458103108,0.7454493100866485,0.29018746151038555,0.33106495122682955,0.8685979945895269,0.1789085223748493,0.26246584262841577,0.8805397652957506,0.1768599522164354,0.25998750922230957,0.8926168309356685,0.15484548386690292,0.2545541631388531,0.8782513147654146,0.1991985800314268,0.2720321122776554,0.8555241599689181,189,0.3241852487135506,99,0.16981132075471697,100,0.17152658662092624,77,0.1320754716981132,118,0.20240137221269297,2.2497016683954514,5,0.3241852487135506,596.0,3.5738255033557045,0.2854077010646372,0.17083675933444523,0.2010916693936133,572.0,3.6905594405594404,0.29596215891001004,0.14011328972082465,0.20991011553573485,585.0,3.5987808456328936
